iteration,cooling_value,fitness,elapsed_time
0,0.19,0.0,5.18800000004e-06
10,0.19,3.0,6.48569999999e-05
20,0.19,0.0,4.97420000001e-05
30,0.19,1.0,9.5838e-05
40,0.19,0.0,6.16120000001e-05
50,0.19,3.0,6.74710000002e-05
60,0.19,3.0,6.52539999999e-05
70,0.19,6.0,0.000261157
80,0.19,1.0,7.87850000001e-05
90,0.19,0.0,8.49679999999e-05
100,0.19,1.0,4.23380000001e-05
110,0.19,2.0,5.04400000001e-05
120,0.19,4.0,7.66760000002e-05
130,0.19,2.0,8.6504e-05
140,0.19,3.0,0.00018511
150,0.19,1.0,7.58059999999e-05
160,0.19,1.0,8.65459999999e-05
170,0.19,1.0,7.83609999999e-05
180,0.19,2.0,9.37089999999e-05
190,0.19,6.0,8.01930000001e-05
200,0.19,1.0,9.76129999999e-05
210,0.19,1.0,0.00012407
220,0.19,1.0,8.82360000001e-05
230,0.19,3.0,0.000124562
240,0.19,1.0,0.000129463
250,0.19,2.0,0.000145052
260,0.19,5.0,0.00013398
270,0.19,3.0,0.000106436
280,0.19,6.0,0.000201163
290,0.19,3.0,0.000154132
300,0.19,3.0,0.000446065
310,0.19,0.0,0.0001442
320,0.19,3.0,0.000157523
330,0.19,3.0,0.000235499
340,0.19,2.0,0.00015002
350,0.19,4.0,0.002865342
360,0.19,9.0,0.000156673
370,0.19,0.0,0.000150478
380,0.19,5.0,0.000219914
390,0.19,2.0,0.00015799
400,0.19,2.0,0.000442313
410,0.19,2.0,0.00015082
420,0.19,1.0,0.000126423
430,0.19,2.0,0.000137883
440,0.19,1.0,0.000127188
450,0.19,3.0,0.000148581
460,0.19,2.0,0.000147679
470,0.19,5.0,0.000273791
480,0.19,6.0,0.000172547
490,0.19,1.0,0.000169477
500,0.19,3.0,0.000327724
510,0.19,7.0,0.000267614
520,0.19,7.0,0.000224549
530,0.19,2.0,0.000242862
540,0.19,7.0,0.000501906
550,0.19,4.0,0.000380957
560,0.19,5.0,0.000220326
570,0.19,3.0,0.000210036
580,0.19,3.0,0.000228312
590,0.19,4.0,0.000244143
600,0.19,6.0,0.000237889
610,0.19,7.0,0.000280335
620,0.19,7.0,0.000265065
630,0.19,2.0,0.000317258
640,0.19,8.0,0.000287344
650,0.19,7.0,0.000345516
660,0.19,5.0,0.000308648
670,0.19,4.0,0.00039115
680,0.19,6.0,0.000517602
690,0.19,5.0,0.000733423
700,0.19,6.0,0.000711607
710,0.19,13.0,0.000421742
720,0.19,3.0,0.000473974
730,0.19,6.0,0.000682522
740,0.19,6.0,0.000401107
750,0.19,11.0,0.000381121
760,0.19,2.0,0.000349012
770,0.19,3.0,0.000388545
780,0.19,2.0,0.00055444
790,0.19,4.0,0.000518021
800,0.19,3.0,0.000516128
810,0.19,8.0,0.000824462
820,0.19,3.0,0.0004693
830,0.19,8.0,0.000653694
840,0.19,5.0,0.000446691
850,0.19,5.0,0.000593209
860,0.19,5.0,0.000639628
870,0.19,6.0,0.000474427
880,0.19,13.0,0.000602572
890,0.19,10.0,0.000580443
900,0.19,6.0,0.000567156
910,0.19,3.0,0.000554184
920,0.19,5.0,0.000515208
930,0.19,2.0,0.000570513
940,0.19,5.0,0.00072314
950,0.19,4.0,0.000552786
960,0.19,4.0,0.000551682
970,0.19,8.0,0.000580728
980,0.19,2.0,0.000602734
990,0.19,11.0,0.000610709
1000,0.19,6.0,0.000628265
1010,0.19,9.0,0.000629643
1020,0.19,10.0,0.000772475
1030,0.19,9.0,0.001504951
1040,0.19,5.0,0.001361248
1050,0.19,8.0,0.000906857
1060,0.19,7.0,0.000653006
1070,0.19,14.0,0.000673846
1080,0.19,7.0,0.000666341
1090,0.19,2.0,0.000671644
1100,0.19,8.0,0.000678615
1110,0.19,8.0,0.000684467
1120,0.19,10.0,0.000701482
1130,0.19,18.0,0.00072162
1140,0.19,5.0,0.000761166
1150,0.19,2.0,0.000725254
1160,0.19,4.0,0.000753181
1170,0.19,9.0,0.000795312
1180,0.19,8.0,0.000772726
1190,0.19,3.0,0.000769818
1200,0.19,5.0,0.000791658
1210,0.19,9.0,0.000783305
1220,0.19,2.0,0.000862136
1230,0.19,4.0,0.00080173
1240,0.19,4.0,0.001079911
1250,0.19,7.0,0.000817753
1260,0.19,8.0,0.000916027
1270,0.19,10.0,0.001019013
1280,0.19,5.0,0.00089074
1290,0.19,14.0,0.000862625
1300,0.19,15.0,0.00086549
1310,0.19,16.0,0.000873129
1320,0.19,5.0,0.000905227
1330,0.19,14.0,0.000903268
1340,0.19,10.0,0.001130875
1350,0.19,10.0,0.00112339
1360,0.19,10.0,0.00111295
1370,0.19,14.0,0.001131755
1380,0.19,22.0,0.001169856
1390,0.19,3.0,0.001257437
1400,0.19,4.0,0.001168807
1410,0.19,8.0,0.00131828
1420,0.19,4.0,0.00130202
1430,0.19,13.0,0.0013568
1440,0.19,16.0,0.001078892
1450,0.19,16.0,0.001120422
1460,0.19,11.0,0.001274659
1470,0.19,14.0,0.001029142
1480,0.19,10.0,0.001049992
1490,0.19,6.0,0.001129255
1500,0.19,10.0,0.001066362
1510,0.19,1.0,0.001033651
1520,0.19,9.0,0.001045627
1530,0.19,11.0,0.001185011
1540,0.19,9.0,0.001078998
1550,0.19,18.0,0.001106891
1560,0.19,15.0,0.001217365
1570,0.19,9.0,0.00122488
1580,0.19,15.0,0.001120836
1590,0.19,20.0,0.001122939
1600,0.19,10.0,0.001138498
1610,0.19,15.0,0.001161932
1620,0.19,10.0,0.00114196
1630,0.19,12.0,0.001318002
1640,0.19,17.0,0.001492909
1650,0.19,1.0,0.001301547
1660,0.19,6.0,0.001458666
1670,0.19,15.0,0.002033899
1680,0.19,13.0,0.001474146
1690,0.19,10.0,0.001851025
1700,0.19,9.0,0.001693173
1710,0.19,12.0,0.001505008
1720,0.19,13.0,0.001927085
1730,0.19,13.0,0.001258757
1740,0.19,11.0,0.001280556
1750,0.19,10.0,0.002328788
1760,0.19,11.0,0.002112956
1770,0.19,22.0,0.002146971
1780,0.19,11.0,0.001490847
1790,0.19,9.0,0.00195234
1800,0.19,4.0,0.001917519
1810,0.19,11.0,0.002412138
1820,0.19,4.0,0.001555262
1830,0.19,11.0,0.001464446
1840,0.19,9.0,0.0017944
1850,0.19,8.0,0.002249434
1860,0.19,11.0,0.001386102
1870,0.19,21.0,0.001468271
1880,0.19,13.0,0.003701859
1890,0.19,8.0,0.002194749
1900,0.19,9.0,0.001743378
1910,0.19,7.0,0.001439014
1920,0.19,13.0,0.001438749
1930,0.19,10.0,0.001694885
1940,0.19,7.0,0.001668996
1950,0.19,8.0,0.00221637
1960,0.19,6.0,0.002518634
1970,0.19,16.0,0.002258725
1980,0.19,14.0,0.002187252
1990,0.19,12.0,0.002243327
2000,0.19,8.0,0.001557615
2010,0.19,3.0,0.002334753
2020,0.19,10.0,0.002248471
2030,0.19,18.0,0.002275964
2040,0.19,11.0,0.001577337
2050,0.19,10.0,0.001556255
2060,0.19,11.0,0.001691284
2070,0.19,8.0,0.001759565
2080,0.19,9.0,0.002052582
2090,0.19,19.0,0.00159713
2100,0.19,9.0,0.00185322
2110,0.19,13.0,0.001572945
2120,0.19,9.0,0.00164662
2130,0.19,9.0,0.001878098
2140,0.19,15.0,0.00166473
2150,0.19,11.0,0.001708825
2160,0.19,15.0,0.002142763
2170,0.19,5.0,0.001595586
2180,0.19,13.0,0.001715896
2190,0.19,6.0,0.001665956
2200,0.19,14.0,0.001666656
2210,0.19,11.0,0.001724125
2220,0.19,8.0,0.001745712
2230,0.19,13.0,0.001646204
2240,0.19,13.0,0.00174557
2250,0.19,16.0,0.001688278
2260,0.19,15.0,0.001720444
2270,0.19,9.0,0.001739066
2280,0.19,13.0,0.001716547
2290,0.19,13.0,0.001843692
2300,0.19,8.0,0.003447635
2310,0.19,16.0,0.003389072
2320,0.19,22.0,0.003442492
2330,0.19,14.0,0.00332124
2340,0.19,16.0,0.003378793
2350,0.19,16.0,0.004401916
2360,0.19,11.0,0.003096015
2370,0.19,13.0,0.003483602
2380,0.19,24.0,0.004327912
2390,0.19,16.0,0.003816124
2400,0.19,12.0,0.00381135
2410,0.19,19.0,0.004934189
2420,0.19,9.0,0.004549277
2430,0.19,14.0,0.004154957
2440,0.19,29.0,0.003521503
2450,0.19,19.0,0.004226066
2460,0.19,31.0,0.005718833
2470,0.19,19.0,0.003537467
2480,0.19,11.0,0.005140212
2490,0.19,11.0,0.004410451
2500,0.19,8.0,0.003790315
2510,0.19,20.0,0.005241943
2520,0.19,15.0,0.003762032
2530,0.19,5.0,0.004929365
2540,0.19,17.0,0.003755894
2550,0.19,16.0,0.005012539
2560,0.19,9.0,0.007587381
2570,0.19,13.0,0.002724693
2580,0.19,21.0,0.00344127
2590,0.19,17.0,0.002263727
2600,0.19,17.0,0.002123022
2610,0.19,12.0,0.002498564
2620,0.19,20.0,0.00211735
2630,0.19,6.0,0.003091072
2640,0.19,30.0,0.002559988
2650,0.19,10.0,0.002091859
2660,0.19,24.0,0.002171445
2670,0.19,6.0,0.002117647
2680,0.19,13.0,0.002205241
2690,0.19,17.0,0.002193509
2700,0.19,17.0,0.00217683
2710,0.19,11.0,0.002217992
2720,0.19,18.0,0.002176699
2730,0.19,12.0,0.002357565
2740,0.19,5.0,0.002873534
2750,0.19,26.0,0.002388343
2760,0.19,7.0,0.002216149
2770,0.19,27.0,0.002359931
2780,0.19,14.0,0.002333621
2790,0.19,9.0,0.002304545
2800,0.19,9.0,0.002290902
2810,0.19,18.0,0.002320639
2820,0.19,14.0,0.002283501
2830,0.19,17.0,0.002249088
2840,0.19,20.0,0.002284967
2850,0.19,19.0,0.002239051
2860,0.19,14.0,0.002298956
2870,0.19,12.0,0.002251658
2880,0.19,3.0,0.002427634
2890,0.19,12.0,0.002681364
2900,0.19,3.0,0.00236709
2910,0.19,21.0,0.002533986
2920,0.19,11.0,0.002298374
2930,0.19,20.0,0.002323203
2940,0.19,16.0,0.002382155
2950,0.19,16.0,0.002281893
2960,0.19,11.0,0.002352497
2970,0.19,9.0,0.002297337
2980,0.19,13.0,0.002599742
2990,0.19,26.0,0.003367187
3000,0.19,19.0,0.00250277
3010,0.19,14.0,0.00247079
3020,0.19,19.0,0.002503263
3030,0.19,11.0,0.002412489
3040,0.19,15.0,0.002533531
3050,0.19,26.0,0.003065249
3060,0.19,9.0,0.002939279
3070,0.19,24.0,0.003161282
3080,0.19,16.0,0.002510662
3090,0.19,17.0,0.002884218
3100,0.19,12.0,0.004197666
3110,0.19,12.0,0.0030974
3120,0.19,22.0,0.002638843
3130,0.19,25.0,0.003517141
3140,0.19,12.0,0.003224401
3150,0.19,24.0,0.002625237
3160,0.19,22.0,0.003359951
3170,0.19,10.0,0.003511705
3180,0.19,11.0,0.003411896
3190,0.19,16.0,0.003543163
3200,0.19,11.0,0.003105784
3210,0.19,8.0,0.002604913
3220,0.19,15.0,0.002821225
3230,0.19,21.0,0.002986679
3240,0.19,17.0,0.003702706
3250,0.19,15.0,0.002655726
3260,0.19,28.0,0.002973439
3270,0.19,34.0,0.00337789
3280,0.19,26.0,0.002801401
3290,0.19,26.0,0.002669956
3300,0.19,22.0,0.002759706
3310,0.19,13.0,0.002764956
3320,0.19,11.0,0.002844465
3330,0.19,20.0,0.002798219
3340,0.19,49.0,0.002775951
3350,0.19,18.0,0.002731836
3360,0.19,25.0,0.002796718
3370,0.19,7.0,0.002718241
3380,0.19,19.0,0.002840983
3390,0.19,33.0,0.00286488
3400,0.19,22.0,0.003402177
3410,0.19,33.0,0.002724199
3420,0.19,16.0,0.002936456
3430,0.19,10.0,0.002898807
3440,0.19,15.0,0.002985896
3450,0.19,19.0,0.00295614
3460,0.19,24.0,0.002847452
3470,0.19,11.0,0.002952309
3480,0.19,8.0,0.002959245
3490,0.19,26.0,0.002973041
3500,0.19,27.0,0.002873897
3510,0.19,11.0,0.002892118
3520,0.19,44.0,0.003187749
3530,0.19,20.0,0.003033602
3540,0.19,28.0,0.00302911
3550,0.19,24.0,0.002965969
3560,0.19,11.0,0.002928734
3570,0.19,13.0,0.003028584
3580,0.19,31.0,0.003246438
3590,0.19,23.0,0.003809603
3600,0.19,19.0,0.00306305
3610,0.19,48.0,0.00822015
3620,0.19,21.0,0.003521638
3630,0.19,18.0,0.00340157
3640,0.19,18.0,0.004574806
3650,0.19,24.0,0.003398032
3660,0.19,19.0,0.003780089
3670,0.19,15.0,0.003399421
3680,0.19,12.0,0.004275557
3690,0.19,24.0,0.003997851
3700,0.19,23.0,0.003081931
3710,0.19,27.0,0.003416727
3720,0.19,33.0,0.004999236
3730,0.19,20.0,0.003870669
3740,0.19,19.0,0.003378149
3750,0.19,20.0,0.004179428
3760,0.19,16.0,0.003314775
3770,0.19,23.0,0.003481972
3780,0.19,14.0,0.003375447
3790,0.19,24.0,0.004253214
3800,0.19,49.0,0.003771323
3810,0.19,27.0,0.003234544
3820,0.19,20.0,0.003266815
3830,0.19,15.0,0.00385979
3840,0.19,6.0,0.003195571
3850,0.19,18.0,0.003419302
3860,0.19,26.0,0.003410509
3870,0.19,19.0,0.027149385
3880,0.19,18.0,0.003102644
3890,0.19,24.0,0.003258907
3900,0.19,24.0,0.00335841
3910,0.19,10.0,0.003169395
3920,0.19,27.0,0.003135776
3930,0.19,26.0,0.003186336
3940,0.19,32.0,0.003266878
3950,0.19,22.0,0.003300147
3960,0.19,22.0,0.003300075
3970,0.19,59.0,0.003438607
3980,0.19,19.0,0.003300391
3990,0.19,22.0,0.003220401
4000,0.19,23.0,0.003213877
4010,0.19,16.0,0.0036055
4020,0.19,22.0,0.004269607
4030,0.19,36.0,0.004339431
4040,0.19,21.0,0.004521316
4050,0.19,18.0,0.003421698
4060,0.19,39.0,0.003830386
4070,0.19,22.0,0.005242262
4080,0.19,20.0,0.003990873
4090,0.19,25.0,0.004249973
4100,0.19,26.0,0.004607632
4110,0.19,17.0,0.004389513
4120,0.19,26.0,0.004411662
4130,0.19,37.0,0.005075058
4140,0.19,20.0,0.00464484
4150,0.19,24.0,0.003787607
4160,0.19,26.0,0.003853441
4170,0.19,34.0,0.004844167
4180,0.19,37.0,0.003771315
4190,0.19,34.0,0.004593554
4200,0.19,27.0,0.004713084
4210,0.19,17.0,0.004049914
4220,0.19,10.0,0.004612422
4230,0.19,20.0,0.0046354
4240,0.19,23.0,0.004102481
4250,0.19,9.0,0.003674597
4260,0.19,22.0,0.003789276
4270,0.19,21.0,0.003743774
4280,0.19,26.0,0.003562728
4290,0.19,47.0,0.003680612
4300,0.19,8.0,0.003539455
4310,0.19,16.0,0.003815503
4320,0.19,29.0,0.003579228
4330,0.19,14.0,0.004981519
4340,0.19,30.0,0.003643224
4350,0.19,22.0,0.003707944
4360,0.19,29.0,0.003558626
4370,0.19,21.0,0.003588219
4380,0.19,31.0,0.003655699
4390,0.19,27.0,0.003690943
4400,0.19,15.0,0.003668179
4410,0.19,30.0,0.003795822
4420,0.19,28.0,0.005171718
4430,0.19,13.0,0.006661071
4440,0.19,30.0,0.00682012
4450,0.19,23.0,0.007637048
4460,0.19,23.0,0.006716171
4470,0.19,34.0,0.008472398
4480,0.19,16.0,0.008233158
4490,0.19,20.0,0.00850839
4500,0.19,25.0,0.007662663
4510,0.19,28.0,0.009905925
4520,0.19,29.0,0.008597058
4530,0.19,24.0,0.008612673
4540,0.19,14.0,0.007787587
4550,0.19,26.0,0.008431731
4560,0.19,30.0,0.008967741
4570,0.19,16.0,0.009542505
4580,0.19,23.0,0.003947142
4590,0.19,22.0,0.003774422
4600,0.19,20.0,0.003851327
4610,0.19,21.0,0.003785532
4620,0.19,37.0,0.004018459
4630,0.19,22.0,0.003853642
4640,0.19,46.0,0.00413558
4650,0.19,37.0,0.003896637
4660,0.19,31.0,0.005233551
4670,0.19,22.0,0.004039849
4680,0.19,21.0,0.004512346
4690,0.19,24.0,0.005477828
4700,0.19,25.0,0.004111971
4710,0.19,41.0,0.003844615
4720,0.19,18.0,0.004022528
4730,0.19,25.0,0.004116919
4740,0.19,10.0,0.003944985
4750,0.19,23.0,0.004185038
4760,0.19,31.0,0.004060556
4770,0.19,35.0,0.004603029
4780,0.19,23.0,0.004828966
4790,0.19,37.0,0.004466611
4800,0.19,28.0,0.006061068
4810,0.19,17.0,0.004131122
4820,0.19,18.0,0.005437856
4830,0.19,31.0,0.004345991
4840,0.19,23.0,0.004919891
4850,0.19,24.0,0.004749684
4860,0.19,25.0,0.006050869
4870,0.19,16.0,0.003998193
4880,0.19,28.0,0.004610119
4890,0.19,12.0,0.005213363
4900,0.19,36.0,0.004491983
4910,0.19,30.0,0.006016779
4920,0.19,17.0,0.004859364
4930,0.19,17.0,0.004717288
4940,0.19,30.0,0.005141488
4950,0.19,24.0,0.005383853
4960,0.19,28.0,0.004383552
4970,0.19,30.0,0.005032332
4980,0.19,20.0,0.004602021
4990,0.19,22.0,0.004268084
0,0.38,2.0,4.85300000008e-06
10,0.38,3.0,6.84099999981e-06
20,0.38,2.0,1.04360000002e-05
30,0.38,4.0,1.23830000001e-05
40,0.38,2.0,2.66990000002e-05
50,0.38,2.0,1.63190000002e-05
60,0.38,0.0,1.5967e-05
70,0.38,2.0,2.01789999998e-05
80,0.38,2.0,3.62149999997e-05
90,0.38,2.0,2.64419999998e-05
100,0.38,3.0,2.75919999999e-05
110,0.38,0.0,2.8269e-05
120,0.38,4.0,4.04399999998e-05
130,0.38,6.0,3.86849999998e-05
140,0.38,2.0,4.21589999999e-05
150,0.38,2.0,3.66550000002e-05
160,0.38,3.0,6.35040000003e-05
170,0.38,1.0,3.89149999998e-05
180,0.38,3.0,5.22540000003e-05
190,0.38,3.0,5.30240000001e-05
200,0.38,2.0,6.5529e-05
210,0.38,0.0,5.68799999998e-05
220,0.38,2.0,5.07789999999e-05
230,0.38,3.0,0.000112537
240,0.38,2.0,0.000100438
250,0.38,1.0,8.7132e-05
260,0.38,6.0,7.24400000003e-05
270,0.38,2.0,9.3594e-05
280,0.38,4.0,7.9913e-05
290,0.38,6.0,6.92e-05
300,0.38,3.0,8.58399999997e-05
310,0.38,8.0,9.88159999999e-05
320,0.38,1.0,7.88790000001e-05
330,0.38,3.0,0.000108982
340,0.38,7.0,7.70490000002e-05
350,0.38,4.0,9.50390000001e-05
360,0.38,3.0,9.93880000002e-05
370,0.38,0.0,0.000115555
380,0.38,10.0,8.59500000003e-05
390,0.38,8.0,0.000106448
400,0.38,0.0,0.00011806
410,0.38,2.0,0.000130281
420,0.38,3.0,0.000111377
430,0.38,5.0,0.000110182
440,0.38,3.0,0.000129776
450,0.38,5.0,0.000118424
460,0.38,0.0,0.000114113
470,0.38,6.0,0.000126848
480,0.38,4.0,0.00011726
490,0.38,7.0,0.000120848
500,0.38,6.0,0.000118864
510,0.38,3.0,0.000119895
520,0.38,2.0,0.000116652
530,0.38,6.0,0.000150911
540,0.38,2.0,0.000136459
550,0.38,3.0,0.000144458
560,0.38,2.0,0.00014005
570,0.38,2.0,0.000157189
580,0.38,4.0,0.000148752
590,0.38,3.0,0.00015483
600,0.38,5.0,0.000153457
610,0.38,8.0,0.000151132
620,0.38,8.0,0.000160588
630,0.38,9.0,0.000328404
640,0.38,6.0,0.000148304
650,0.38,2.0,0.000216514
660,0.38,7.0,0.000652168
670,0.38,7.0,0.00018129
680,0.38,9.0,0.000175653
690,0.38,7.0,0.000188793
700,0.38,3.0,0.000173467
710,0.38,15.0,0.000200543
720,0.38,6.0,0.000232434
730,0.38,5.0,0.00025151
740,0.38,4.0,0.000232728
750,0.38,4.0,0.000199151
760,0.38,7.0,0.000335369
770,0.38,7.0,0.000198105
780,0.38,1.0,0.000245394
790,0.38,4.0,0.000206218
800,0.38,8.0,0.000246894
810,0.38,6.0,0.000387974
820,0.38,5.0,0.000692663
830,0.38,5.0,0.000245721
840,0.38,2.0,0.000787835
850,0.38,7.0,0.000271915
860,0.38,6.0,0.00028363
870,0.38,2.0,0.000333065
880,0.38,4.0,0.000321869
890,0.38,2.0,0.000306383
900,0.38,9.0,0.000319648
910,0.38,5.0,0.000332965
920,0.38,8.0,0.00034129
930,0.38,9.0,0.000316765
940,0.38,4.0,0.000309231
950,0.38,3.0,0.000378294
960,0.38,14.0,0.00034754
970,0.38,4.0,0.000398888
980,0.38,4.0,0.00039614
990,0.38,12.0,0.000437414
1000,0.38,7.0,0.000453991
1010,0.38,8.0,0.000514601
1020,0.38,10.0,0.00046277
1030,0.38,13.0,0.000426386
1040,0.38,10.0,0.000416548
1050,0.38,4.0,0.000487477
1060,0.38,4.0,0.000548528
1070,0.38,6.0,0.000436124
1080,0.38,8.0,0.000432475
1090,0.38,12.0,0.00045236
1100,0.38,7.0,0.000553972
1110,0.38,5.0,0.000514126
1120,0.38,10.0,0.000586034
1130,0.38,8.0,0.000586721
1140,0.38,9.0,0.000620047
1150,0.38,8.0,0.000508521
1160,0.38,8.0,0.000511122
1170,0.38,5.0,0.00051816
1180,0.38,6.0,0.000523986
1190,0.38,5.0,0.00055513
1200,0.38,6.0,0.000543215
1210,0.38,10.0,0.000551765
1220,0.38,8.0,0.000566147
1230,0.38,6.0,0.000573803
1240,0.38,14.0,0.000585297
1250,0.38,10.0,0.000575659
1260,0.38,10.0,0.000611518
1270,0.38,6.0,0.000620356
1280,0.38,9.0,0.000805277
1290,0.38,9.0,0.000660531
1300,0.38,9.0,0.000660658
1310,0.38,25.0,0.000679144
1320,0.38,6.0,0.000650338
1330,0.38,15.0,0.000714469
1340,0.38,9.0,0.00075645
1350,0.38,13.0,0.000946218
1360,0.38,19.0,0.000997227
1370,0.38,9.0,0.000985872
1380,0.38,10.0,0.001241179
1390,0.38,3.0,0.001444751
1400,0.38,18.0,0.001032823
1410,0.38,4.0,0.001365747
1420,0.38,16.0,0.001172535
1430,0.38,9.0,0.000911908
1440,0.38,8.0,0.001039298
1450,0.38,9.0,0.001044026
1460,0.38,7.0,0.001511017
1470,0.38,12.0,0.000913585
1480,0.38,6.0,0.000899121
1490,0.38,20.0,0.000925842
1500,0.38,14.0,0.000933812
1510,0.38,10.0,0.001164058
1520,0.38,16.0,0.002174062
1530,0.38,12.0,0.001308268
1540,0.38,10.0,0.001413356
1550,0.38,14.0,0.001032984
1560,0.38,5.0,0.001051921
1570,0.38,8.0,0.001032485
1580,0.38,9.0,0.001319025
1590,0.38,10.0,0.001810556
1600,0.38,5.0,0.002341483
1610,0.38,12.0,0.001193224
1620,0.38,38.0,0.001139942
1630,0.38,5.0,0.001117307
1640,0.38,13.0,0.001103508
1650,0.38,11.0,0.001427705
1660,0.38,20.0,0.001347137
1670,0.38,3.0,0.001847566
1680,0.38,17.0,0.001316663
1690,0.38,11.0,0.00163013
1700,0.38,12.0,0.001641766
1710,0.38,4.0,0.001769845
1720,0.38,10.0,0.001781401
1730,0.38,13.0,0.001403523
1740,0.38,8.0,0.001266068
1750,0.38,13.0,0.001197671
1760,0.38,16.0,0.001409471
1770,0.38,13.0,0.002214817
1780,0.38,13.0,0.001678321
1790,0.38,10.0,0.001609107
1800,0.38,13.0,0.002045793
1810,0.38,10.0,0.001294998
1820,0.38,9.0,0.001556228
1830,0.38,9.0,0.001478723
1840,0.38,2.0,0.001816645
1850,0.38,10.0,0.001528256
1860,0.38,6.0,0.001314198
1870,0.38,10.0,0.001494763
1880,0.38,24.0,0.001650219
1890,0.38,13.0,0.001925462
1900,0.38,7.0,0.001429875
1910,0.38,14.0,0.0014301
1920,0.38,16.0,0.002363972
1930,0.38,8.0,0.001572277
1940,0.38,9.0,0.001403835
1950,0.38,10.0,0.004738222
1960,0.38,16.0,0.001258621
1970,0.38,14.0,0.001232338
1980,0.38,17.0,0.001253543
1990,0.38,14.0,0.001275277
2000,0.38,6.0,0.001285887
2010,0.38,11.0,0.001276825
2020,0.38,9.0,0.001381031
2030,0.38,15.0,0.001317736
2040,0.38,22.0,0.001302118
2050,0.38,11.0,0.001291481
2060,0.38,8.0,0.001376844
2070,0.38,11.0,0.001369601
2080,0.38,21.0,0.001420279
2090,0.38,36.0,0.001412929
2100,0.38,8.0,0.001355563
2110,0.38,8.0,0.00136455
2120,0.38,21.0,0.001411927
2130,0.38,22.0,0.00139692
2140,0.38,7.0,0.001431838
2150,0.38,20.0,0.001385341
2160,0.38,9.0,0.00142856
2170,0.38,9.0,0.001392175
2180,0.38,5.0,0.001417272
2190,0.38,11.0,0.001466428
2200,0.38,17.0,0.001461902
2210,0.38,23.0,0.001472092
2220,0.38,2.0,0.001585287
2230,0.38,16.0,0.00151693
2240,0.38,12.0,0.001591234
2250,0.38,7.0,0.001958454
2260,0.38,12.0,0.001522535
2270,0.38,22.0,0.001471375
2280,0.38,13.0,0.001630448
2290,0.38,16.0,0.001619543
2300,0.38,17.0,0.001939596
2310,0.38,5.0,0.001662449
2320,0.38,21.0,0.001826589
2330,0.38,6.0,0.001717967
2340,0.38,12.0,0.001969663
2350,0.38,22.0,0.00196243
2360,0.38,19.0,0.001726684
2370,0.38,21.0,0.001819407
2380,0.38,6.0,0.001779141
2390,0.38,7.0,0.001786606
2400,0.38,21.0,0.001785352
2410,0.38,8.0,0.00241929
2420,0.38,11.0,0.003341591
2430,0.38,22.0,0.002102259
2440,0.38,22.0,0.001937959
2450,0.38,8.0,0.001684604
2460,0.38,7.0,0.002131
2470,0.38,10.0,0.00172322
2480,0.38,29.0,0.0017305
2490,0.38,17.0,0.00179958
2500,0.38,26.0,0.002274632
2510,0.38,22.0,0.002974154
2520,0.38,12.0,0.001888752
2530,0.38,19.0,0.001763518
2540,0.38,14.0,0.001743677
2550,0.38,4.0,0.002284864
2560,0.38,13.0,0.002876047
2570,0.38,26.0,0.002500866
2580,0.38,14.0,0.002208895
2590,0.38,15.0,0.002411277
2600,0.38,8.0,0.002539079
2610,0.38,8.0,0.002663123
2620,0.38,25.0,0.002221617
2630,0.38,18.0,0.002569373
2640,0.38,27.0,0.003056572
2650,0.38,17.0,0.002385227
2660,0.38,18.0,0.002918383
2670,0.38,19.0,0.00376492
2680,0.38,17.0,0.002359511
2690,0.38,16.0,0.00198666
2700,0.38,19.0,0.002405138
2710,0.38,28.0,0.002956586
2720,0.38,17.0,0.00208627
2730,0.38,30.0,0.002203404
2740,0.38,10.0,0.002721961
2750,0.38,22.0,0.002014434
2760,0.38,23.0,0.002816509
2770,0.38,15.0,0.002470034
2780,0.38,20.0,0.001986859
2790,0.38,15.0,0.001952579
2800,0.38,9.0,0.001976209
2810,0.38,27.0,0.002243991
2820,0.38,19.0,0.002104198
2830,0.38,19.0,0.006132174
2840,0.38,18.0,0.002463257
2850,0.38,7.0,0.003223766
2860,0.38,21.0,0.002177724
2870,0.38,29.0,0.003263348
2880,0.38,5.0,0.002269264
2890,0.38,13.0,0.004518035
2900,0.38,11.0,0.002335634
2910,0.38,22.0,0.002388569
2920,0.38,16.0,0.00204955
2930,0.38,18.0,0.002274844
2940,0.38,13.0,0.002160375
2950,0.38,12.0,0.002185424
2960,0.38,21.0,0.00221268
2970,0.38,19.0,0.002201143
2980,0.38,15.0,0.002243803
2990,0.38,28.0,0.002211532
3000,0.38,20.0,0.002367454
3010,0.38,10.0,0.002594189
3020,0.38,10.0,0.002188708
3030,0.38,22.0,0.002250962
3040,0.38,31.0,0.002209025
3050,0.38,14.0,0.002252969
3060,0.38,8.0,0.002288975
3070,0.38,16.0,0.002313468
3080,0.38,11.0,0.002352248
3090,0.38,26.0,0.002652443
3100,0.38,18.0,0.002380941
3110,0.38,14.0,0.002411523
3120,0.38,17.0,0.002635517
3130,0.38,7.0,0.00333578
3140,0.38,9.0,0.002269562
3150,0.38,30.0,0.002423271
3160,0.38,13.0,0.003064841
3170,0.38,12.0,0.002800248
3180,0.38,16.0,0.002315574
3190,0.38,8.0,0.002390017
3200,0.38,40.0,0.002982663
3210,0.38,8.0,0.004078691
3220,0.38,17.0,0.002495736
3230,0.38,19.0,0.002664549
3240,0.38,22.0,0.003102353
3250,0.38,21.0,0.002472044
3260,0.38,17.0,0.003081924
3270,0.38,26.0,0.003041812
3280,0.38,21.0,0.003070469
3290,0.38,15.0,0.002463152
3300,0.38,13.0,0.00251862
3310,0.38,18.0,0.003707376
3320,0.38,13.0,0.002910379
3330,0.38,40.0,0.00269784
3340,0.38,25.0,0.002975152
3350,0.38,17.0,0.003870774
3360,0.38,29.0,0.002759406
3370,0.38,10.0,0.002923017
3380,0.38,12.0,0.00320245
3390,0.38,17.0,0.002626269
3400,0.38,14.0,0.00326941
3410,0.38,21.0,0.003340198
3420,0.38,17.0,0.003883086
3430,0.38,13.0,0.006695079
3440,0.38,17.0,0.006385888
3450,0.38,13.0,0.005304935
3460,0.38,14.0,0.004923609
3470,0.38,19.0,0.005361553
3480,0.38,15.0,0.005358821
3490,0.38,33.0,0.005060119
3500,0.38,26.0,0.005802363
3510,0.38,20.0,0.005546671
3520,0.38,20.0,0.005407513
3530,0.38,21.0,0.006252546
3540,0.38,10.0,0.006727227
3550,0.38,16.0,0.006061658
3560,0.38,20.0,0.005698136
3570,0.38,20.0,0.005454182
3580,0.38,18.0,0.006158056
3590,0.38,28.0,0.007669296
3600,0.38,14.0,0.00721128
3610,0.38,22.0,0.005781334
3620,0.38,34.0,0.011797253
3630,0.38,20.0,0.004070955
3640,0.38,17.0,0.002991944
3650,0.38,17.0,0.00328365
3660,0.38,10.0,0.003120657
3670,0.38,20.0,0.002929033
3680,0.38,16.0,0.004288702
3690,0.38,15.0,0.003890302
3700,0.38,15.0,0.002806218
3710,0.38,31.0,0.004030868
3720,0.38,20.0,0.003980086
3730,0.38,19.0,0.003024019
3740,0.38,18.0,0.003666835
3750,0.38,12.0,0.003132916
3760,0.38,18.0,0.003594174
3770,0.38,25.0,0.004020953
3780,0.38,33.0,0.003049097
3790,0.38,20.0,0.002893514
3800,0.38,22.0,0.003662848
3810,0.38,10.0,0.003449243
3820,0.38,21.0,0.002883561
3830,0.38,15.0,0.002913947
3840,0.38,18.0,0.002925414
3850,0.38,27.0,0.002995931
3860,0.38,18.0,0.002998844
3870,0.38,19.0,0.003839984
3880,0.38,24.0,0.003019278
3890,0.38,30.0,0.003608232
3900,0.38,15.0,0.003244705
3910,0.38,31.0,0.003106549
3920,0.38,7.0,0.003133269
3930,0.38,15.0,0.002961894
3940,0.38,11.0,0.003151273
3950,0.38,15.0,0.00306693
3960,0.38,22.0,0.00300013
3970,0.38,18.0,0.003032906
3980,0.38,11.0,0.003045579
3990,0.38,21.0,0.003243077
4000,0.38,25.0,0.003066025
4010,0.38,10.0,0.003243504
4020,0.38,27.0,0.003408658
4030,0.38,13.0,0.003042646
4040,0.38,21.0,0.0030755
4050,0.38,22.0,0.003133
4060,0.38,11.0,0.003162319
4070,0.38,17.0,0.003108547
4080,0.38,16.0,0.003457205
4090,0.38,27.0,0.004156589
4100,0.38,18.0,0.003179127
4110,0.38,20.0,0.003396198
4120,0.38,44.0,0.004750214
4130,0.38,19.0,0.004190674
4140,0.38,19.0,0.004231118
4150,0.38,24.0,0.004463788
4160,0.38,29.0,0.004447834
4170,0.38,23.0,0.004526177
4180,0.38,26.0,0.003623841
4190,0.38,15.0,0.004351594
4200,0.38,30.0,0.004631846
4210,0.38,22.0,0.003822941
4220,0.38,22.0,0.004604364
4230,0.38,23.0,0.0036909
4240,0.38,16.0,0.004192796
4250,0.38,11.0,0.003486528
4260,0.38,27.0,0.00442677
4270,0.38,24.0,0.004626285
4280,0.38,16.0,0.003620072
4290,0.38,25.0,0.0040851
4300,0.38,32.0,0.005589321
4310,0.38,27.0,0.003600562
4320,0.38,23.0,0.003698593
4330,0.38,36.0,0.00391881
4340,0.38,19.0,0.003700853
4350,0.38,28.0,0.003401362
4360,0.38,18.0,0.003472064
4370,0.38,26.0,0.003401369
4380,0.38,22.0,0.003399683
4390,0.38,34.0,0.003615782
4400,0.38,24.0,0.003394245
4410,0.38,17.0,0.003381618
4420,0.38,28.0,0.003438988
4430,0.38,19.0,0.003557051
4440,0.38,29.0,0.003483708
4450,0.38,22.0,0.003510475
4460,0.38,35.0,0.003579618
4470,0.38,21.0,0.003423343
4480,0.38,33.0,0.00358621
4490,0.38,32.0,0.003571457
4500,0.38,25.0,0.003852235
4510,0.38,19.0,0.003546114
4520,0.38,34.0,0.003779944
4530,0.38,23.0,0.003662699
4540,0.38,29.0,0.00363988
4550,0.38,35.0,0.003565977
4560,0.38,27.0,0.004078791
4570,0.38,18.0,0.00466051
4580,0.38,22.0,0.004654634
4590,0.38,31.0,0.005202733
4600,0.38,25.0,0.004027472
4610,0.38,28.0,0.005004456
4620,0.38,25.0,0.005216015
4630,0.38,14.0,0.004147975
4640,0.38,23.0,0.005825438
4650,0.38,27.0,0.004726758
4660,0.38,23.0,0.004941161
4670,0.38,46.0,0.004814349
4680,0.38,27.0,0.005517279
4690,0.38,25.0,0.004243092
4700,0.38,43.0,0.005695911
4710,0.38,16.0,0.004797219
4720,0.38,28.0,0.005166411
4730,0.38,45.0,0.010933082
4740,0.38,33.0,0.003783982
4750,0.38,21.0,0.004592471
4760,0.38,44.0,0.004390412
4770,0.38,24.0,0.003833313
4780,0.38,29.0,0.003944657
4790,0.38,19.0,0.003847004
4800,0.38,22.0,0.003755409
4810,0.38,40.0,0.00377875
4820,0.38,20.0,0.003848517
4830,0.38,15.0,0.003876923
4840,0.38,18.0,0.003796124
4850,0.38,22.0,0.003868712
4860,0.38,34.0,0.003870303
4870,0.38,32.0,0.003805536
4880,0.38,27.0,0.003854633
4890,0.38,30.0,0.003799398
4900,0.38,30.0,0.003818595
4910,0.38,29.0,0.004057181
4920,0.38,27.0,0.003929912
4930,0.38,24.0,0.004282068
4940,0.38,14.0,0.003993234
4950,0.38,33.0,0.003964873
4960,0.38,24.0,0.004044837
4970,0.38,31.0,0.00410754
4980,0.38,25.0,0.004815774
4990,0.38,27.0,0.003852612
0,0.76,3.0,5.74600000025e-06
10,0.76,1.0,7.96000000003e-06
20,0.76,0.0,9.81299999969e-06
30,0.76,0.0,1.27069999998e-05
40,0.76,1.0,1.56139999996e-05
50,0.76,1.0,1.96949999998e-05
60,0.76,2.0,2.2306e-05
70,0.76,0.0,5.6329e-05
80,0.76,2.0,8.78750000002e-05
90,0.76,3.0,3.3857e-05
100,0.76,4.0,2.99449999996e-05
110,0.76,1.0,3.26099999999e-05
120,0.76,2.0,4.09449999998e-05
130,0.76,1.0,4.19110000003e-05
140,0.76,0.0,3.45689999999e-05
150,0.76,6.0,4.05140000002e-05
160,0.76,4.0,5.8492e-05
170,0.76,4.0,5.34320000001e-05
180,0.76,2.0,6.3054e-05
190,0.76,1.0,0.000213125
200,0.76,1.0,6.41699999999e-05
210,0.76,5.0,5.85790000001e-05
220,0.76,3.0,6.16500000001e-05
230,0.76,1.0,0.000135317
240,0.76,2.0,0.000117501
250,0.76,0.0,6.0629e-05
260,0.76,5.0,6.50010000003e-05
270,0.76,6.0,7.72590000002e-05
280,0.76,5.0,8.49939999998e-05
290,0.76,3.0,0.000113035
300,0.76,1.0,8.2173e-05
310,0.76,4.0,0.000114014
320,0.76,2.0,9.98710000002e-05
330,0.76,2.0,8.3525e-05
340,0.76,1.0,0.000111259
350,0.76,2.0,0.000371307
360,0.76,6.0,0.000114473
370,0.76,10.0,0.00022537
380,0.76,8.0,0.000162445
390,0.76,2.0,0.000446367
400,0.76,2.0,0.000115234
410,0.76,8.0,0.000111154
420,0.76,3.0,9.65240000004e-05
430,0.76,2.0,0.000116765
440,0.76,11.0,0.000131573
450,0.76,9.0,0.000119341
460,0.76,4.0,0.000118909
470,0.76,7.0,0.000109361
480,0.76,2.0,0.000109867
490,0.76,2.0,0.000109079
500,0.76,4.0,0.000148813
510,0.76,2.0,0.000111831
520,0.76,5.0,0.000116752
530,0.76,3.0,0.000133138
540,0.76,6.0,0.000135651
550,0.76,0.0,0.000146769
560,0.76,4.0,0.000153455
570,0.76,2.0,0.000141385
580,0.76,2.0,0.000167821
590,0.76,5.0,0.000159321
600,0.76,5.0,0.000757486
610,0.76,1.0,0.000198178
620,0.76,2.0,0.000408509
630,0.76,5.0,0.000159294
640,0.76,9.0,0.000179439
650,0.76,5.0,0.000143347
660,0.76,6.0,0.000430883
670,0.76,11.0,0.000240672
680,0.76,4.0,0.000528968
690,0.76,2.0,0.000159737
700,0.76,12.0,0.000174784
710,0.76,7.0,0.000157093
720,0.76,8.0,0.00019448
730,0.76,7.0,0.000164454
740,0.76,9.0,0.000161803
750,0.76,10.0,0.000182157
760,0.76,9.0,0.000172852
770,0.76,5.0,0.000169863
780,0.76,5.0,0.000398387
790,0.76,2.0,0.000229473
800,0.76,9.0,0.000465996
810,0.76,4.0,0.000275144
820,0.76,8.0,0.000762085
830,0.76,5.0,0.000268813
840,0.76,4.0,0.000883993
850,0.76,10.0,0.000237465
860,0.76,4.0,0.000231971
870,0.76,11.0,0.000352953
880,0.76,2.0,0.000293625
890,0.76,1.0,0.000335892
900,0.76,5.0,0.00034199
910,0.76,5.0,0.000249673
920,0.76,2.0,0.000198582
930,0.76,4.0,0.000206055
940,0.76,8.0,0.000249138
950,0.76,4.0,0.000296059
960,0.76,12.0,0.000273753
970,0.76,5.0,0.000569599
980,0.76,4.0,0.000342653
990,0.76,7.0,0.000874061
1000,0.76,1.0,0.000243501
1010,0.76,4.0,0.000209201
1020,0.76,9.0,0.000268024
1030,0.76,9.0,0.000284911
1040,0.76,11.0,0.00024603
1050,0.76,3.0,0.000226127
1060,0.76,9.0,0.000241223
1070,0.76,14.0,0.000316153
1080,0.76,11.0,0.000996753
1090,0.76,10.0,0.000331009
1100,0.76,5.0,0.00079093
1110,0.76,15.0,0.000466457
1120,0.76,5.0,0.000270673
1130,0.76,5.0,0.000499066
1140,0.76,13.0,0.000681608
1150,0.76,13.0,0.000264697
1160,0.76,5.0,0.00024322
1170,0.76,2.0,0.000261552
1180,0.76,6.0,0.000267655
1190,0.76,9.0,0.000307691000001
1200,0.76,8.0,0.000322098
1210,0.76,10.0,0.000287219
1220,0.76,10.0,0.000274645
1230,0.76,14.0,0.000277966
1240,0.76,7.0,0.000263419
1250,0.76,9.0,0.000312323
1260,0.76,11.0,0.001634108
1270,0.76,7.0,0.001784665
1280,0.76,7.0,0.001376473
1290,0.76,19.0,0.00056208
1300,0.76,5.0,0.000328887
1310,0.76,10.0,0.0003612
1320,0.76,7.0,0.000609736
1330,0.76,6.0,0.000427046
1340,0.76,12.0,0.000571404
1350,0.76,19.0,0.000299387
1360,0.76,21.0,0.000329048
1370,0.76,9.0,0.00028669
1380,0.76,12.0,0.000338276
1390,0.76,9.0,0.000316224
1400,0.76,12.0,0.000300240000001
1410,0.76,9.0,0.000307668
1420,0.76,6.0,0.000297942
1430,0.76,8.0,0.000361454
1440,0.76,10.0,0.000318093
1450,0.76,5.0,0.000314676
1460,0.76,13.0,0.000356348
1470,0.76,7.0,0.000393707
1480,0.76,6.0,0.000302097
1490,0.76,7.0,0.00030943
1500,0.76,5.0,0.000324239
1510,0.76,7.0,0.000355011
1520,0.76,4.0,0.000336234
1530,0.76,9.0,0.000321077000001
1540,0.76,10.0,0.000341812
1550,0.76,13.0,0.000346415999999
1560,0.76,15.0,0.000324699
1570,0.76,8.0,0.000379697
1580,0.76,7.0,0.000432101
1590,0.76,11.0,0.000422098
1600,0.76,3.0,0.000384019999999
1610,0.76,12.0,0.000366174
1620,0.76,12.0,0.000349275
1630,0.76,6.0,0.000352983
1640,0.76,8.0,0.000344577
1650,0.76,8.0,0.000353903
1660,0.76,6.0,0.000366593000001
1670,0.76,9.0,0.000372778999999
1680,0.76,4.0,0.000364811
1690,0.76,9.0,0.000384686
1700,0.76,12.0,0.00037314
1710,0.76,7.0,0.000387069999999
1720,0.76,13.0,0.000371856
1730,0.76,4.0,0.000388554000001
1740,0.76,13.0,0.000440283
1750,0.76,6.0,0.000379837
1760,0.76,10.0,0.000404172
1770,0.76,12.0,0.000387112
1780,0.76,7.0,0.000380995
1790,0.76,2.0,0.000391143
1800,0.76,9.0,0.000373359
1810,0.76,22.0,0.000421992
1820,0.76,10.0,0.00041187
1830,0.76,10.0,0.000403108
1840,0.76,14.0,0.000431176
1850,0.76,8.0,0.000415215999999
1860,0.76,12.0,0.000429629999999
1870,0.76,7.0,0.000410645
1880,0.76,8.0,0.000406852999999
1890,0.76,11.0,0.000413578000001
1900,0.76,4.0,0.000409898
1910,0.76,14.0,0.000423024000001
1920,0.76,11.0,0.000398033
1930,0.76,15.0,0.000432845
1940,0.76,6.0,0.000478298
1950,0.76,13.0,0.000631281
1960,0.76,24.0,0.000435729
1970,0.76,15.0,0.000545366
1980,0.76,26.0,0.000462027999999
1990,0.76,15.0,0.000468242999999
2000,0.76,19.0,0.000550034000001
2010,0.76,9.0,0.000445747
2020,0.76,8.0,0.000489173
2030,0.76,24.0,0.000475849
2040,0.76,13.0,0.000463424
2050,0.76,8.0,0.000527858
2060,0.76,13.0,0.000493822
2070,0.76,16.0,0.000456676
2080,0.76,11.0,0.000542432
2090,0.76,10.0,0.000521785
2100,0.76,11.0,0.000504328
2110,0.76,7.0,0.000515571
2120,0.76,21.0,0.000473145
2130,0.76,9.0,0.000573599
2140,0.76,21.0,0.000483182
2150,0.76,12.0,0.000468655
2160,0.76,14.0,0.000472501
2170,0.76,23.0,0.000485565
2180,0.76,14.0,0.000493098000001
2190,0.76,8.0,0.000476915999999
2200,0.76,14.0,0.000512452
2210,0.76,13.0,0.000489011
2220,0.76,12.0,0.000489711
2230,0.76,19.0,0.000515743
2240,0.76,23.0,0.000492893000001
2250,0.76,12.0,0.000527077
2260,0.76,10.0,0.000491371
2270,0.76,16.0,0.000529161
2280,0.76,6.0,0.000524354
2290,0.76,14.0,0.000598123
2300,0.76,11.0,0.000503866
2310,0.76,20.0,0.000527108
2320,0.76,15.0,0.000519292000001
2330,0.76,18.0,0.000567425
2340,0.76,9.0,0.000519566
2350,0.76,7.0,0.000950276999999
2360,0.76,6.0,0.000506177999999
2370,0.76,6.0,0.000557429
2380,0.76,22.0,0.000555569
2390,0.76,15.0,0.000548414
2400,0.76,10.0,0.000559154999999
2410,0.76,30.0,0.000560237
2420,0.76,11.0,0.000537944
2430,0.76,14.0,0.000547486
2440,0.76,22.0,0.000552401
2450,0.76,7.0,0.000674178
2460,0.76,16.0,0.000545764
2470,0.76,19.0,0.000565534000001
2480,0.76,21.0,0.000557516
2490,0.76,22.0,0.0018597
2500,0.76,12.0,0.002353595
2510,0.76,15.0,0.000675035
2520,0.76,36.0,0.000844794
2530,0.76,9.0,0.000732345
2540,0.76,36.0,0.000684972
2550,0.76,17.0,0.000711909000001
2560,0.76,15.0,0.000693389
2570,0.76,8.0,0.001308072
2580,0.76,31.0,0.002019523
2590,0.76,19.0,0.002077457
2600,0.76,11.0,0.007490009
2610,0.76,22.0,0.00474161
2620,0.76,14.0,0.008589857
2630,0.76,20.0,0.003007455
2640,0.76,8.0,0.002097624
2650,0.76,8.0,0.004144695
2660,0.76,31.0,0.004753277
2670,0.76,10.0,0.003547629
2680,0.76,5.0,0.002671652
2690,0.76,16.0,0.005684977
2700,0.76,15.0,0.004069846
2710,0.76,11.0,0.006649739
2720,0.76,12.0,0.007358996
2730,0.76,24.0,0.005104676
2740,0.76,17.0,0.00446185
2750,0.76,14.0,0.003547237
2760,0.76,17.0,0.005292654
2770,0.76,23.0,0.003435392
2780,0.76,13.0,0.003262781
2790,0.76,16.0,0.003102446
2800,0.76,16.0,0.00342787
2810,0.76,16.0,0.003067269
2820,0.76,8.0,0.003842252
2830,0.76,32.0,0.003095062
2840,0.76,21.0,0.003226017
2850,0.76,9.0,0.013671249
2860,0.76,14.0,0.011032171
2870,0.76,23.0,0.000921730000001
2880,0.76,17.0,0.000790665999999
2890,0.76,13.0,0.000777443
2900,0.76,9.0,0.000990913000001
2910,0.76,27.0,0.000891601999999
2920,0.76,18.0,0.000813527
2930,0.76,7.0,0.000850522
2940,0.76,14.0,0.000773275
2950,0.76,15.0,0.00117153
2960,0.76,16.0,0.000804585
2970,0.76,7.0,0.00137318
2980,0.76,10.0,0.000888460000001
2990,0.76,22.0,0.000899126999999
3000,0.76,16.0,0.000818524
3010,0.76,25.0,0.000829575
3020,0.76,11.0,0.001071034
3030,0.76,8.0,0.000860908000001
3040,0.76,37.0,0.001168129
3050,0.76,17.0,0.004551658
3060,0.76,16.0,0.000858675
3070,0.76,15.0,0.001111045
3080,0.76,8.0,0.000832861999999
3090,0.76,18.0,0.000836703
3100,0.76,8.0,0.002462358
3110,0.76,16.0,0.001503231
3120,0.76,14.0,0.001428976
3130,0.76,12.0,0.001391709
3140,0.76,16.0,0.000824573
3150,0.76,13.0,0.000945821
3160,0.76,11.0,0.001508077
3170,0.76,19.0,0.002299957
3180,0.76,39.0,0.00129807
3190,0.76,20.0,0.001015118
3200,0.76,29.0,0.001291344
3210,0.76,19.0,0.001108575
3220,0.76,18.0,0.00218577
3230,0.76,28.0,0.00078663
3240,0.76,16.0,0.000919780999999
3250,0.76,27.0,0.000948655999999
3260,0.76,11.0,0.002011649
3270,0.76,8.0,0.001836714
3280,0.76,19.0,0.001229927
3290,0.76,17.0,0.001682054
3300,0.76,21.0,0.001105073
3310,0.76,24.0,0.000809991000001
3320,0.76,28.0,0.000968223
3330,0.76,13.0,0.000983497
3340,0.76,22.0,0.002491292
3350,0.76,10.0,0.002688623
3360,0.76,13.0,0.000913816
3370,0.76,26.0,0.001303485
3380,0.76,14.0,0.002177207
3390,0.76,28.0,0.002585623
3400,0.76,14.0,0.001373195
3410,0.76,18.0,0.001710988
3420,0.76,21.0,0.002009376
3430,0.76,17.0,0.001113456
3440,0.76,34.0,0.001300883
3450,0.76,8.0,0.001288389
3460,0.76,18.0,0.002188827
3470,0.76,19.0,0.002770368
3480,0.76,30.0,0.001958736
3490,0.76,21.0,0.00285417
3500,0.76,19.0,0.000838071
3510,0.76,17.0,0.000853397
3520,0.76,10.0,0.001029978
3530,0.76,26.0,0.002346245
3540,0.76,11.0,0.001510313
3550,0.76,12.0,0.000983406
3560,0.76,17.0,0.001048121
3570,0.76,15.0,0.001027349
3580,0.76,22.0,0.001122707
3590,0.76,17.0,0.000983945000001
3600,0.76,17.0,0.001121322
3610,0.76,30.0,0.001097844
3620,0.76,20.0,0.001255144
3630,0.76,9.0,0.000843216
3640,0.76,16.0,0.001417022
3650,0.76,27.0,0.000903845000001
3660,0.76,19.0,0.001126467
3670,0.76,27.0,0.000869954
3680,0.76,24.0,0.001144549
3690,0.76,32.0,0.001455481
3700,0.76,16.0,0.001053739
3710,0.76,12.0,0.001050524
3720,0.76,23.0,0.000882638
3730,0.76,23.0,0.001041653
3740,0.76,17.0,0.000947266000001
3750,0.76,19.0,0.000907656
3760,0.76,22.0,0.000906290000001
3770,0.76,16.0,0.000889807
3780,0.76,16.0,0.000877273
3790,0.76,15.0,0.000911441
3800,0.76,27.0,0.000978322
3810,0.76,31.0,0.000919558000001
3820,0.76,32.0,0.000955078
3830,0.76,16.0,0.000942206
3840,0.76,36.0,0.000952855
3850,0.76,20.0,0.00100105
3860,0.76,13.0,0.000958501
3870,0.76,17.0,0.000887956
3880,0.76,22.0,0.000917475000001
3890,0.76,25.0,0.000980262
3900,0.76,24.0,0.000968294
3910,0.76,17.0,0.000972829
3920,0.76,16.0,0.001012737
3930,0.76,11.0,0.001073234
3940,0.76,24.0,0.001019702
3950,0.76,25.0,0.000965834
3960,0.76,27.0,0.001003398
3970,0.76,36.0,0.001025529
3980,0.76,32.0,0.000973005
3990,0.76,14.0,0.000960909
4000,0.76,23.0,0.0011735
4010,0.76,14.0,0.001189773
4020,0.76,14.0,0.000946824
4030,0.76,13.0,0.000926829
4040,0.76,18.0,0.000962184
4050,0.76,60.0,0.001187007
4060,0.76,21.0,0.00101573
4070,0.76,20.0,0.001100121
4080,0.76,42.0,0.001121681
4090,0.76,21.0,0.000998048
4100,0.76,15.0,0.000938196
4110,0.76,17.0,0.000978253
4120,0.76,14.0,0.000955092
4130,0.76,27.0,0.000984164
4140,0.76,21.0,0.000988322
4150,0.76,27.0,0.001033033
4160,0.76,38.0,0.001104009
4170,0.76,30.0,0.0010877
4180,0.76,12.0,0.001173991
4190,0.76,23.0,0.00148309
4200,0.76,32.0,0.001489633
4210,0.76,6.0,0.001436882
4220,0.76,12.0,0.002695793
4230,0.76,40.0,0.00329787
4240,0.76,18.0,0.001481532
4250,0.76,20.0,0.001783157
4260,0.76,19.0,0.002829293
4270,0.76,24.0,0.001485098
4280,0.76,22.0,0.002875603
4290,0.76,32.0,0.002306707
4300,0.76,19.0,0.002709982
4310,0.76,18.0,0.001549093
4320,0.76,20.0,0.00151924
4330,0.76,18.0,0.001490064
4340,0.76,17.0,0.002293985
4350,0.76,21.0,0.003589266
4360,0.76,26.0,0.005460269
4370,0.76,21.0,0.001506845
4380,0.76,13.0,0.002123864
4390,0.76,35.0,0.001561478
4400,0.76,21.0,0.001591041
4410,0.76,32.0,0.001755958
4420,0.76,31.0,0.001857533
4430,0.76,20.0,0.00121391
4440,0.76,25.0,0.001102172
4450,0.76,21.0,0.001234518
4460,0.76,29.0,0.001119488
4470,0.76,31.0,0.002972022
4480,0.76,48.0,0.003175765
4490,0.76,22.0,0.003059091
4500,0.76,21.0,0.001245617
4510,0.76,21.0,0.001301841
4520,0.76,32.0,0.001646682
4530,0.76,21.0,0.003095153
4540,0.76,38.0,0.00350116
4550,0.76,18.0,0.0015634
4560,0.76,20.0,0.002629017
4570,0.76,18.0,0.00121392
4580,0.76,21.0,0.001259144
4590,0.76,31.0,0.00138258
4600,0.76,42.0,0.002849865
4610,0.76,28.0,0.001366776
4620,0.76,29.0,0.001153949
4630,0.76,32.0,0.002145105
4640,0.76,27.0,0.00121015
4650,0.76,29.0,0.001235474
4660,0.76,18.0,0.001731137
4670,0.76,13.0,0.001325966
4680,0.76,34.0,0.001351409
4690,0.76,20.0,0.001275947
4700,0.76,32.0,0.001280434
4710,0.76,23.0,0.001280679
4720,0.76,29.0,0.001474346
4730,0.76,44.0,0.001539504
4740,0.76,23.0,0.001399932
4750,0.76,24.0,0.001530894
4760,0.76,46.0,0.001352058
4770,0.76,27.0,0.001323812
4780,0.76,25.0,0.001491525
4790,0.76,14.0,0.001350768
4800,0.76,15.0,0.001395319
4810,0.76,28.0,0.00178003
4820,0.76,21.0,0.001352564
4830,0.76,38.0,0.001215901
4840,0.76,35.0,0.001551578
4850,0.76,51.0,0.001403539
4860,0.76,14.0,0.00163036
4870,0.76,36.0,0.001599701
4880,0.76,50.0,0.001603877
4890,0.76,31.0,0.001403204
4900,0.76,12.0,0.001399826
4910,0.76,28.0,0.00158487
4920,0.76,30.0,0.001674683
4930,0.76,30.0,0.001324039
4940,0.76,25.0,0.001363097
4950,0.76,29.0,0.001657786
4960,0.76,32.0,0.001592738
4970,0.76,14.0,0.001683089
4980,0.76,26.0,0.001935117
4990,0.76,47.0,0.00201671
0,0.95,2.0,5.1559999994e-06
10,0.95,1.0,7.97600000002e-06
20,0.95,1.0,6.96250000001e-05
30,0.95,0.0,1.19139999999e-05
40,0.95,1.0,1.32050000001e-05
50,0.95,5.0,1.91730000001e-05
60,0.95,2.0,1.95459999999e-05
70,0.95,1.0,2.0235e-05
80,0.95,3.0,2.36669999998e-05
90,0.95,9.0,2.61559999997e-05
100,0.95,4.0,3.0432e-05
110,0.95,0.0,3.16300000005e-05
120,0.95,6.0,3.68650000002e-05
130,0.95,1.0,3.53530000003e-05
140,0.95,1.0,5.06529999997e-05
150,0.95,4.0,3.65869999994e-05
160,0.95,1.0,4.26969999996e-05
170,0.95,1.0,4.09640000001e-05
180,0.95,2.0,4.78669999993e-05
190,0.95,1.0,5.23010000002e-05
200,0.95,4.0,5.32909999995e-05
210,0.95,2.0,5.48680000003e-05
220,0.95,2.0,7.176e-05
230,0.95,2.0,6.30339999992e-05
240,0.95,0.0,8.04130000001e-05
250,0.95,0.0,6.5363e-05
260,0.95,1.0,0.000143411
270,0.95,3.0,7.39760000004e-05
280,0.95,1.0,9.69079999997e-05
290,0.95,0.0,9.24400000004e-05
300,0.95,1.0,7.71780000006e-05
310,0.95,5.0,6.99790000001e-05
320,0.95,3.0,7.97579999992e-05
330,0.95,10.0,0.000119839000001
340,0.95,1.0,8.12039999998e-05
350,0.95,0.0,0.000108828
360,0.95,1.0,7.91019999999e-05
370,0.95,1.0,0.000138427
380,0.95,1.0,0.000100886
390,0.95,1.0,9.84700000002e-05
400,0.95,2.0,0.000115877
410,0.95,1.0,0.000107361
420,0.95,3.0,0.000130355
430,0.95,0.0,9.61850000003e-05
440,0.95,1.0,0.000122346
450,0.95,2.0,0.000109531
460,0.95,4.0,0.000123197
470,0.95,0.0,0.00012119
480,0.95,2.0,0.000126370999999
490,0.95,4.0,0.000122996
500,0.95,3.0,0.000156959
510,0.95,8.0,0.00015048
520,0.95,2.0,0.000441133
530,0.95,1.0,0.000135555
540,0.95,0.0,0.000140055
550,0.95,4.0,0.000148856
560,0.95,2.0,0.000138141
570,0.95,5.0,0.000144953
580,0.95,6.0,0.000242463
590,0.95,1.0,0.000217966
600,0.95,6.0,0.000144596
610,0.95,2.0,0.000262202
620,0.95,2.0,0.000235852
630,0.95,1.0,0.000527014999999
640,0.95,4.0,0.000202332000001
650,0.95,3.0,0.000147849999999
660,0.95,2.0,0.000166197
670,0.95,0.0,0.000148855
680,0.95,2.0,0.000166214
690,0.95,3.0,0.000232200999999
700,0.95,2.0,0.000181692
710,0.95,2.0,0.000201791
720,0.95,0.0,0.000176061
730,0.95,2.0,0.000159151
740,0.95,8.0,0.000218073
750,0.95,3.0,0.000195562
760,0.95,7.0,0.000161750999999
770,0.95,4.0,0.000194828
780,0.95,7.0,0.000630997
790,0.95,9.0,0.000225826
800,0.95,1.0,0.000176085000001
810,0.95,5.0,0.000313439
820,0.95,1.0,0.000340798
830,0.95,1.0,0.00376158
840,0.95,1.0,0.000215309
850,0.95,5.0,0.00029371
860,0.95,7.0,0.000276362
870,0.95,3.0,0.000424679
880,0.95,0.0,0.000375598000001
890,0.95,8.0,0.000566589
900,0.95,3.0,0.000282624
910,0.95,2.0,0.000226952
920,0.95,9.0,0.00021507
930,0.95,4.0,0.000195169
940,0.95,4.0,0.000201216
950,0.95,7.0,0.000225202
960,0.95,10.0,0.000212168
970,0.95,2.0,0.000238998
980,0.95,0.0,0.000356088999999
990,0.95,0.0,0.00023632
1000,0.95,4.0,0.000257581
1010,0.95,5.0,0.001092828
1020,0.95,1.0,0.000281831000001
1030,0.95,6.0,0.000940269999999
1040,0.95,2.0,0.000351624
1050,0.95,6.0,0.000312092
1060,0.95,11.0,0.000516473
1070,0.95,8.0,0.000841981
1080,0.95,6.0,0.000312774
1090,0.95,6.0,0.000286696
1100,0.95,6.0,0.000295443
1110,0.95,7.0,0.000244315
1120,0.95,11.0,0.000337996
1130,0.95,3.0,0.000312147
1140,0.95,5.0,0.000395066
1150,0.95,12.0,0.000344648
1160,0.95,9.0,0.00052931
1170,0.95,5.0,0.001366418
1180,0.95,6.0,0.000330117000001
1190,0.95,9.0,0.001184475
1200,0.95,9.0,0.000352238
1210,0.95,4.0,0.000441101
1220,0.95,4.0,0.000330472000001
1230,0.95,6.0,0.000327606000001
1240,0.95,2.0,0.000383932
1250,0.95,8.0,0.000354315
1260,0.95,13.0,0.000389781999999
1270,0.95,2.0,0.000535148
1280,0.95,6.0,0.000759737
1290,0.95,8.0,0.000343023
1300,0.95,8.0,0.000344784
1310,0.95,10.0,0.000408987
1320,0.95,13.0,0.000354159
1330,0.95,4.0,0.000469139
1340,0.95,7.0,0.001288774
1350,0.95,7.0,0.000464182
1360,0.95,5.0,0.000624626
1370,0.95,2.0,0.000313978
1380,0.95,8.0,0.000828234
1390,0.95,5.0,0.001141017
1400,0.95,16.0,0.000369594
1410,0.95,14.0,0.000389259
1420,0.95,13.0,0.000407674
1430,0.95,6.0,0.00035795
1440,0.95,3.0,0.000385444
1450,0.95,1.0,0.000312939000001
1460,0.95,11.0,0.00040011
1470,0.95,4.0,0.000406326
1480,0.95,2.0,0.000671441
1490,0.95,3.0,0.000628611
1500,0.95,7.0,0.001477888
1510,0.95,10.0,0.000887091
1520,0.95,3.0,0.000579614
1530,0.95,2.0,0.000515624
1540,0.95,13.0,0.000340575
1550,0.95,5.0,0.000390036
1560,0.95,5.0,0.000379061
1570,0.95,5.0,0.000707804
1580,0.95,8.0,0.000543659
1590,0.95,7.0,0.000661345
1600,0.95,10.0,0.000876768
1610,0.95,6.0,0.000402173
1620,0.95,9.0,0.000399836000001
1630,0.95,7.0,0.000437691
1640,0.95,5.0,0.00123142
1650,0.95,4.0,0.00089087
1660,0.95,4.0,0.0004921
1670,0.95,10.0,0.000432997000001
1680,0.95,8.0,0.000516328000001
1690,0.95,6.0,0.000448725
1700,0.95,7.0,0.000561239
1710,0.95,9.0,0.000459068
1720,0.95,6.0,0.000488449
1730,0.95,3.0,0.000463324
1740,0.95,12.0,0.000420854000001
1750,0.95,6.0,0.000455251
1760,0.95,10.0,0.000492497
1770,0.95,14.0,0.000403763
1780,0.95,13.0,0.000444731
1790,0.95,7.0,0.000434026
1800,0.95,9.0,0.000456189
1810,0.95,9.0,0.000457634
1820,0.95,9.0,0.000462273
1830,0.95,12.0,0.000392744
1840,0.95,18.0,0.000579329
1850,0.95,11.0,0.000454115
1860,0.95,8.0,0.000422323
1870,0.95,6.0,0.000440694
1880,0.95,11.0,0.000508007
1890,0.95,3.0,0.000502676
1900,0.95,5.0,0.000503331
1910,0.95,4.0,0.004356966
1920,0.95,12.0,0.000517637
1930,0.95,9.0,0.000428327
1940,0.95,6.0,0.000501058999999
1950,0.95,8.0,0.000487533999999
1960,0.95,15.0,0.000515651
1970,0.95,14.0,0.000426345
1980,0.95,12.0,0.000501096
1990,0.95,6.0,0.00040611
2000,0.95,7.0,0.000448683999999
2010,0.95,9.0,0.000523253
2020,0.95,10.0,0.00052259
2030,0.95,6.0,0.000526054
2040,0.95,7.0,0.000516887
2050,0.95,13.0,0.000444034
2060,0.95,17.0,0.00077437
2070,0.95,8.0,0.000559637
2080,0.95,9.0,0.000524469999999
2090,0.95,8.0,0.00045546
2100,0.95,6.0,0.000544343
2110,0.95,12.0,0.000552078999999
2120,0.95,16.0,0.000637572
2130,0.95,12.0,0.000699629
2140,0.95,9.0,0.001003012
2150,0.95,26.0,0.002271383
2160,0.95,9.0,0.001999479
2170,0.95,5.0,0.002082182
2180,0.95,11.0,0.002297687
2190,0.95,11.0,0.002708287
2200,0.95,22.0,0.002232219
2210,0.95,7.0,0.002892291
2220,0.95,13.0,0.002201377
2230,0.95,20.0,0.003868225
2240,0.95,16.0,0.002279893
2250,0.95,9.0,0.002440103
2260,0.95,10.0,0.003036006
2270,0.95,8.0,0.00754442
2280,0.95,23.0,0.004039827
2290,0.95,7.0,0.01294615
2300,0.95,6.0,0.0034529
2310,0.95,11.0,0.00505744
2320,0.95,12.0,0.002526881
2330,0.95,14.0,0.002012998
2340,0.95,10.0,0.002458581
2350,0.95,17.0,0.006228279
2360,0.95,13.0,0.002703311
2370,0.95,21.0,0.003481711
2380,0.95,3.0,0.035297925
2390,0.95,15.0,0.004571866
2400,0.95,12.0,0.006997506
2410,0.95,4.0,0.000718024
2420,0.95,8.0,0.00103583
2430,0.95,20.0,0.000668477
2440,0.95,11.0,0.000522404
2450,0.95,17.0,0.001390369
2460,0.95,6.0,0.000554613
2470,0.95,8.0,0.000939881
2480,0.95,15.0,0.000537993
2490,0.95,17.0,0.000625876
2500,0.95,28.0,0.000635653
2510,0.95,20.0,0.000558907
2520,0.95,13.0,0.000567368
2530,0.95,12.0,0.000553436000001
2540,0.95,15.0,0.000553786
2550,0.95,16.0,0.000546623
2560,0.95,18.0,0.000561453
2570,0.95,6.0,0.000545638
2580,0.95,28.0,0.00072985
2590,0.95,8.0,0.000549456
2600,0.95,9.0,0.000674276
2610,0.95,10.0,0.00059795
2620,0.95,16.0,0.000613363999999
2630,0.95,22.0,0.000708592
2640,0.95,8.0,0.000564883
2650,0.95,5.0,0.000595132
2660,0.95,16.0,0.000595125
2670,0.95,15.0,0.000714806
2680,0.95,6.0,0.000648093
2690,0.95,10.0,0.000578875
2700,0.95,22.0,0.00081599
2710,0.95,8.0,0.000587167000001
2720,0.95,7.0,0.000573715
2730,0.95,10.0,0.000624031
2740,0.95,24.0,0.000607442000001
2750,0.95,14.0,0.000602855
2760,0.95,9.0,0.0006116
2770,0.95,26.0,0.000623634
2780,0.95,26.0,0.000616987
2790,0.95,9.0,0.000591217
2800,0.95,8.0,0.000617016
2810,0.95,17.0,0.000654063
2820,0.95,20.0,0.000627371
2830,0.95,14.0,0.000611842000001
2840,0.95,15.0,0.000620169
2850,0.95,16.0,0.000762492
2860,0.95,10.0,0.000626374
2870,0.95,10.0,0.002244546
2880,0.95,11.0,0.000639286
2890,0.95,33.0,0.00067127
2900,0.95,15.0,0.000644728
2910,0.95,11.0,0.000629363
2920,0.95,24.0,0.000755076
2930,0.95,10.0,0.000821005
2940,0.95,19.0,0.001059756
2950,0.95,8.0,0.000872082
2960,0.95,16.0,0.000870094000001
2970,0.95,25.0,0.000969959
2980,0.95,10.0,0.000860717999999
2990,0.95,35.0,0.000839572999999
3000,0.95,6.0,0.000939989
3010,0.95,24.0,0.000701197000001
3020,0.95,11.0,0.000680051
3030,0.95,9.0,0.000650285000001
3040,0.95,12.0,0.000740098
3050,0.95,6.0,0.000649744
3060,0.95,22.0,0.000694255
3070,0.95,11.0,0.000667961
3080,0.95,11.0,0.000674361
3090,0.95,14.0,0.000816093
3100,0.95,21.0,0.000725477
3110,0.95,7.0,0.000653856
3120,0.95,21.0,0.000685417
3130,0.95,19.0,0.000837671
3140,0.95,19.0,0.00077674
3150,0.95,8.0,0.000798598999999
3160,0.95,16.0,0.000763621
3170,0.95,12.0,0.000780593
3180,0.95,9.0,0.000687842
3190,0.95,20.0,0.000745756
3200,0.95,13.0,0.000738106
3210,0.95,17.0,0.000706392
3220,0.95,16.0,0.000804251
3230,0.95,21.0,0.000698463
3240,0.95,12.0,0.000814874
3250,0.95,10.0,0.000977935
3260,0.95,14.0,0.000894008
3270,0.95,15.0,0.001064817
3280,0.95,15.0,0.000799276
3290,0.95,21.0,0.000726179
3300,0.95,11.0,0.000811504
3310,0.95,20.0,0.000728605
3320,0.95,12.0,0.000763857
3330,0.95,13.0,0.000718656
3340,0.95,23.0,0.000745551000001
3350,0.95,21.0,0.000804158
3360,0.95,11.0,0.0007445
3370,0.95,14.0,0.000708841
3380,0.95,9.0,0.000752210000001
3390,0.95,8.0,0.000723862
3400,0.95,6.0,0.000777175
3410,0.95,21.0,0.000726131
3420,0.95,13.0,0.001804062
3430,0.95,16.0,0.000940354
3440,0.95,15.0,0.00079052
3450,0.95,26.0,0.001217839
3460,0.95,11.0,0.001509903
3470,0.95,12.0,0.001165592
3480,0.95,16.0,0.000772943
3490,0.95,10.0,0.000751436
3500,0.95,13.0,0.000779573
3510,0.95,12.0,0.000764006
3520,0.95,37.0,0.001027466
3530,0.95,15.0,0.000785910999999
3540,0.95,22.0,0.002048135
3550,0.95,25.0,0.001792366
3560,0.95,13.0,0.00144215
3570,0.95,16.0,0.000948549999999
3580,0.95,12.0,0.000772514
3590,0.95,24.0,0.001088892
3600,0.95,13.0,0.000839735
3610,0.95,17.0,0.002284616
3620,0.95,14.0,0.000945065000001
3630,0.95,20.0,0.001148106
3640,0.95,24.0,0.001244665
3650,0.95,36.0,0.000800941
3660,0.95,15.0,0.000841537
3670,0.95,30.0,0.001204789
3680,0.95,9.0,0.001374649
3690,0.95,20.0,0.004692854
3700,0.95,14.0,0.001660365
3710,0.95,28.0,0.001933958
3720,0.95,23.0,0.001124448
3730,0.95,12.0,0.002344258
3740,0.95,26.0,0.000899018
3750,0.95,12.0,0.000846043
3760,0.95,11.0,0.000858169
3770,0.95,18.0,0.000987513999999
3780,0.95,23.0,0.001536776
3790,0.95,23.0,0.002809553
3800,0.95,18.0,0.001249531
3810,0.95,13.0,0.000930933999999
3820,0.95,25.0,0.000865772
3830,0.95,27.0,0.000970986
3840,0.95,24.0,0.001545711
3850,0.95,29.0,0.002159235
3860,0.95,23.0,0.001027321
3870,0.95,29.0,0.002360635
3880,0.95,14.0,0.001814106
3890,0.95,23.0,0.002062064
3900,0.95,13.0,0.001540047
3910,0.95,31.0,0.000904061000001
3920,0.95,23.0,0.000860119
3930,0.95,12.0,0.000865145
3940,0.95,35.0,0.003917481
3950,0.95,16.0,0.001941595
3960,0.95,20.0,0.002236721
3970,0.95,19.0,0.001139515
3980,0.95,24.0,0.000909826
3990,0.95,21.0,0.001027416
4000,0.95,13.0,0.000879912999999
4010,0.95,23.0,0.000906564999999
4020,0.95,17.0,0.001414742
4030,0.95,27.0,0.00112296
4040,0.95,11.0,0.001068445
4050,0.95,16.0,0.007888176
4060,0.95,10.0,0.002221041
4070,0.95,27.0,0.000987683
4080,0.95,13.0,0.00146092
4090,0.95,17.0,0.002200113
4100,0.95,14.0,0.002633534
4110,0.95,8.0,0.001561598
4120,0.95,24.0,0.001493476
4130,0.95,25.0,0.001538506
4140,0.95,18.0,0.001579833
4150,0.95,24.0,0.001444168
4160,0.95,11.0,0.001759123
4170,0.95,16.0,0.00145665
4180,0.95,23.0,0.001931846
4190,0.95,29.0,0.001780307
4200,0.95,22.0,0.001353038
4210,0.95,22.0,0.004484474
4220,0.95,23.0,0.001201961
4230,0.95,25.0,0.001145192
4240,0.95,33.0,0.000982982
4250,0.95,13.0,0.000984448
4260,0.95,16.0,0.001257529
4270,0.95,19.0,0.001064071
4280,0.95,21.0,0.000984346
4290,0.95,36.0,0.001141325
4300,0.95,15.0,0.001071564
4310,0.95,25.0,0.001179935
4320,0.95,24.0,0.001191138
4330,0.95,22.0,0.001174732
4340,0.95,12.0,0.001046386
4350,0.95,19.0,0.001158537
4360,0.95,19.0,0.001179162
4370,0.95,20.0,0.001281749
4380,0.95,15.0,0.001155544
4390,0.95,19.0,0.00103799
4400,0.95,20.0,0.001260617
4410,0.95,31.0,0.001436578
4420,0.95,18.0,0.001297098
4430,0.95,34.0,0.001394078
4440,0.95,29.0,0.001636065
4450,0.95,19.0,0.001158382
4460,0.95,23.0,0.001815972
4470,0.95,35.0,0.00263256
4480,0.95,21.0,0.001181231
4490,0.95,30.0,0.001240101
4500,0.95,19.0,0.001004279
4510,0.95,12.0,0.001177364
4520,0.95,36.0,0.004315654
4530,0.95,34.0,0.003044372
4540,0.95,23.0,0.001341213
4550,0.95,23.0,0.00102044
4560,0.95,9.0,0.001252507
4570,0.95,21.0,0.002042015
4580,0.95,10.0,0.002509668
4590,0.95,16.0,0.001419559
4600,0.95,31.0,0.00149483
4610,0.95,19.0,0.003705834
4620,0.95,22.0,0.00125995
4630,0.95,28.0,0.00233458
4640,0.95,36.0,0.004844362
4650,0.95,18.0,0.00174755
4660,0.95,27.0,0.001057719
4670,0.95,26.0,0.001178028
4680,0.95,31.0,0.001081996
4690,0.95,16.0,0.001152658
4700,0.95,24.0,0.002612564
4710,0.95,20.0,0.003011719
4720,0.95,30.0,0.001569976
4730,0.95,15.0,0.001051925
4740,0.95,21.0,0.001409878
4750,0.95,28.0,0.001638591
4760,0.95,29.0,0.002233949
4770,0.95,15.0,0.002802828
4780,0.95,31.0,0.001452829
4790,0.95,55.0,0.002784767
4800,0.95,20.0,0.002696602
4810,0.95,21.0,0.001199518
4820,0.95,32.0,0.003382617
4830,0.95,21.0,0.002671891
4840,0.95,26.0,0.003220393
4850,0.95,21.0,0.001356246
4860,0.95,37.0,0.001461812
4870,0.95,26.0,0.001212796
4880,0.95,15.0,0.001517887
4890,0.95,34.0,0.002777951
4900,0.95,17.0,0.001966788
4910,0.95,25.0,0.001173759
4920,0.95,18.0,0.001363354
4930,0.95,29.0,0.001113346
4940,0.95,26.0,0.001129343
4950,0.95,25.0,0.001096688
4960,0.95,28.0,0.001116281
4970,0.95,27.0,0.001106966
4980,0.95,22.0,0.001159185
4990,0.95,36.0,0.00113673
