iteration,cooling_value,fitness,time
0,0.19,2069.72979912,6.36500000006e-06
10,0.19,2619.4854922,0.000103384
20,0.19,2168.81422362,4.0916e-05
30,0.19,2673.48163982,3.54849999999e-05
40,0.19,2667.78525732,6.183e-05
50,0.19,2804.47573921,4.081e-05
60,0.19,3257.59375863,5.55e-05
70,0.19,3047.22829148,5.56669999999e-05
80,0.19,3068.51245771,6.7163e-05
90,0.19,3145.05812537,7.1974e-05
100,0.19,3054.39108921,0.000105878
110,0.19,3241.97852816,4.11189999999e-05
120,0.19,3117.44854744,4.85609999999e-05
130,0.19,3374.16030205,9.7518e-05
140,0.19,3225.79433395,7.1295e-05
150,0.19,3279.96357831,7.6847e-05
160,0.19,3037.44201935,8.16570000001e-05
170,0.19,3387.60855607,8.25299999999e-05
180,0.19,3264.06164906,8.53940000001e-05
190,0.19,3223.55570865,9.2559e-05
200,0.19,3120.27348795,0.000100322
210,0.19,3061.09185047,9.05670000001e-05
220,0.19,2913.55354719,0.000111774
230,0.19,3188.37469876,0.000174669
240,0.19,3008.86237487,0.000119924
250,0.19,3099.62281706,0.000130993
260,0.19,3047.68733621,0.00012423
270,0.19,3135.09708862,0.000126454
280,0.19,3207.82398748,0.000133628
290,0.19,2958.10132432,0.000148536
300,0.19,3400.66753539,0.000123527
310,0.19,3236.03904639,0.000142698
320,0.19,3127.91330234,0.000117559
330,0.19,3197.90123468,0.000128484
340,0.19,2877.79715578,0.000159486
350,0.19,2840.31708353,0.000179676
360,0.19,2971.03396635,0.000186672
370,0.19,3344.83046588,0.001092394
380,0.19,3126.98329653,0.00025493
390,0.19,2923.22139464,0.000192433
400,0.19,3264.57664767,0.000184107
410,0.19,2957.94522882,0.000228178
420,0.19,2984.82100464,0.000278673
430,0.19,2883.6485807,0.000183393
440,0.19,3147.6425677,0.000229698
450,0.19,3080.31040506,0.000217652
460,0.19,3107.14989878,0.00027628
470,0.19,3209.67170651,0.000257766
480,0.19,2958.20830211,0.000298219
490,0.19,2911.58929916,0.000245341
500,0.19,3342.06744947,0.000294218
510,0.19,3137.40439513,0.000296195
520,0.19,3065.20370631,0.000337182
530,0.19,2677.59789605,0.00032264
540,0.19,2673.01877172,0.0004873
550,0.19,3163.24600097,0.000451722
560,0.19,3200.05281713,0.000381717
570,0.19,3334.07391346,0.000371221
580,0.19,2989.54502614,0.000346198
590,0.19,3022.25806422,0.000423694
600,0.19,2878.92121241,0.000394672
610,0.19,3026.41281869,0.000412126
620,0.19,3168.7866549,0.000398854
630,0.19,3358.09936047,0.000418584
640,0.19,3086.6468846,0.000415739
650,0.19,3041.08733084,0.000479067
660,0.19,3177.67081945,0.000470745
670,0.19,3214.28421399,0.000452779
680,0.19,2949.52762474,0.000604188
690,0.19,3263.60055248,0.000412783
700,0.19,2907.99953004,0.000402649
710,0.19,3063.3029916,0.000375439
720,0.19,3191.231073,0.000390549
730,0.19,3189.37989916,0.00040398
740,0.19,3058.71254713,0.000492913
750,0.19,3105.01412127,0.000418091
760,0.19,3174.82393348,0.000529401
770,0.19,3184.52650066,0.000549068
780,0.19,3206.04963849,0.000559926
790,0.19,3156.8418386,0.000483686
800,0.19,3321.76891425,0.000610028
810,0.19,3188.40359471,0.000514916
820,0.19,2945.84797787,0.000677203
830,0.19,3385.5720432,0.000513093
840,0.19,3006.86926799,0.000511465
850,0.19,3211.98179099,0.000651037
860,0.19,3295.37152624,0.000650603
870,0.19,2912.22691699,0.000842897
880,0.19,3048.48005679,0.00079018
890,0.19,2937.26896453,0.001057395
900,0.19,3078.36930874,0.000582025
910,0.19,2820.94307488,0.000616037
920,0.19,3204.2895225,0.000584435
930,0.19,3165.21782323,0.000676796
940,0.19,3183.92718993,0.001133467
950,0.19,3061.74100841,0.000769634
960,0.19,3014.05214988,0.000697319
970,0.19,3023.20209741,0.000752067
980,0.19,3031.57803613,0.000763658
990,0.19,2985.71781322,0.000731968
1000,0.19,2881.65656684,0.000631021
1010,0.19,3235.0720269,0.000764074
1020,0.19,2803.69295397,0.000986101
1030,0.19,3106.97582331,0.001061594
1040,0.19,3140.99249466,0.000712954
1050,0.19,3275.73175476,0.000934549
1060,0.19,3382.42138558,0.000818805
1070,0.19,3247.08895989,0.000879287
1080,0.19,3160.8265832,0.00087213
1090,0.19,2972.59846753,0.000904429
1100,0.19,3131.82029982,0.001122767
1110,0.19,3361.68380882,0.000878603
1120,0.19,3173.10333285,0.00090206
1130,0.19,3195.70467879,0.004592868
1140,0.19,3143.56681728,0.000960244
1150,0.19,3141.25051219,0.000822481
1160,0.19,2992.15017999,0.00086066
1170,0.19,3379.25180758,0.000881556
1180,0.19,3206.49043936,0.000846665
1190,0.19,3267.96407755,0.000890429
1200,0.19,3402.37639335,0.000821723
1210,0.19,3425.45284592,0.000832974
1220,0.19,3204.1557849,0.000815177
1230,0.19,3112.84839541,0.000848331
1240,0.19,3137.20166849,0.000878128
1250,0.19,2808.56033997,0.000840315
1260,0.19,2827.4885868,0.000858657
1270,0.19,2945.24480211,0.001015794
1280,0.19,3155.04432836,0.001058055
1290,0.19,2978.30501025,0.000886839
1300,0.19,2935.0781396,0.000878017
1310,0.19,3014.70352264,0.000952411
1320,0.19,3309.87821991,0.000901626
1330,0.19,2989.45651181,0.001108755
1340,0.19,3088.41057393,0.000944758
1350,0.19,2913.0194198,0.001159565
1360,0.19,2919.44709682,0.001149538
1370,0.19,3120.45319229,0.001320373
1380,0.19,3176.79743694,0.001149519
1390,0.19,3391.23721233,0.001110262
1400,0.19,3093.24503701,0.001150204
1410,0.19,3132.96823974,0.001211335
1420,0.19,3296.97721667,0.001217389
1430,0.19,2925.39235355,0.001189859
1440,0.19,3405.91978369,0.001294182
1450,0.19,3199.80026803,0.001122263
1460,0.19,3415.01758418,0.001017053
1470,0.19,3143.64113153,0.001235019
1480,0.19,3052.48291731,0.001277177
1490,0.19,3191.02540228,0.00124184
1500,0.19,2858.16178182,0.001058647
1510,0.19,3190.18888118,0.001081979
1520,0.19,2870.11723544,0.001079963
1530,0.19,3123.19253742,0.001111505
1540,0.19,3473.05245356,0.001106597
1550,0.19,3233.8146657,0.001128558
1560,0.19,3091.55257311,0.001105461
1570,0.19,3062.21383814,0.001291481
1580,0.19,2939.04858572,0.001144248
1590,0.19,3233.24303286,0.001348185
1600,0.19,2960.15991538,0.001398632
1610,0.19,2946.50717234,0.001370373
1620,0.19,2718.1969252,0.001172179
1630,0.19,3182.69135726,0.001365715
1640,0.19,3023.11074766,0.001422439
1650,0.19,3121.09316618,0.001195683
1660,0.19,3144.18736232,0.001433455
1670,0.19,3118.88226678,0.001413389
1680,0.19,3286.74711465,0.001379382
1690,0.19,3146.14375729,0.002148004
1700,0.19,3158.4200974,0.001426182
1710,0.19,3363.03608725,0.00147338
1720,0.19,3102.38547602,0.00143372
1730,0.19,2901.08290595,0.001790296
1740,0.19,2793.31855524,0.001374444
1750,0.19,2934.33116165,0.001475828
1760,0.19,2817.36210401,0.00166873
1770,0.19,3138.75041029,0.001725292
1780,0.19,2967.58332753,0.001668456
1790,0.19,2866.59451523,0.001324978
1800,0.19,3092.72741368,0.001582662
1810,0.19,3139.00018504,0.001438505
1820,0.19,3219.91081172,0.00139828
1830,0.19,3342.53141355,0.001404186
1840,0.19,3399.04566818,0.001706613
1850,0.19,2972.18958957,0.001490809
1860,0.19,3192.39145824,0.00155711
1870,0.19,3104.26276235,0.001475725
1880,0.19,3047.77590715,0.001730443
1890,0.19,3093.93505266,0.00180411
1900,0.19,2930.67507898,0.001434089
1910,0.19,2927.78438657,0.001438518
1920,0.19,3093.67429966,0.00141587
1930,0.19,3000.59966417,0.001673063
1940,0.19,3117.9686947,0.00158059
1950,0.19,2863.7497315,0.001907872
1960,0.19,3261.20401404,0.001766729
1970,0.19,3138.79742067,0.002277823
1980,0.19,3324.90614051,0.001963601
1990,0.19,2961.21397834,0.001987033
2000,0.19,3063.77602645,0.00180629
2010,0.19,3057.68695845,0.00176482
2020,0.19,3149.40198188,0.00219376
2030,0.19,3287.57914429,0.00223498
2040,0.19,3221.72069757,0.001752853
2050,0.19,3199.41726021,0.001883881
2060,0.19,3037.18343677,0.001996419
2070,0.19,2859.94914497,0.001721455
2080,0.19,3210.22791553,0.001629921
2090,0.19,2869.90626475,0.001660343
2100,0.19,3318.83557367,0.001747595
2110,0.19,3044.27935195,0.001713624
2120,0.19,2811.41932962,0.002271242
2130,0.19,3202.50298891,0.001738651
2140,0.19,3326.26764332,0.001767828
2150,0.19,3153.83368096,0.001682988
2160,0.19,3008.04671696,0.001687423
2170,0.19,3375.6700524,0.002063148
2180,0.19,3018.82661847,0.001998693
2190,0.19,3130.59576688,0.003543502
2200,0.19,2988.50356079,0.001831094
2210,0.19,3231.95439324,0.001675121
2220,0.19,3210.20068922,0.001665604
2230,0.19,3159.16826745,0.001674957
2240,0.19,3059.46089051,0.001688081
2250,0.19,3139.66055923,0.00169346
2260,0.19,3087.54398155,0.001762977
2270,0.19,3101.70511442,0.001741103
2280,0.19,3415.86153142,0.001778589
2290,0.19,3226.9006515,0.001728607
2300,0.19,3083.36888359,0.001765974
2310,0.19,3182.36190764,0.001773782
2320,0.19,3349.91783314,0.001756698
2330,0.19,3202.66735207,0.001777089
2340,0.19,3281.83618669,0.001818183
2350,0.19,2894.24763605,0.001844161
2360,0.19,3098.56438667,0.001845613
2370,0.19,2831.51724427,0.001932251
2380,0.19,3395.05441395,0.001821912
2390,0.19,3113.76848327,0.001810178
2400,0.19,3340.15080195,0.001938146
2410,0.19,3158.25787997,0.001891314
2420,0.19,3390.45600089,0.00184125
2430,0.19,2960.67145457,0.001852391
2440,0.19,3256.42436557,0.001898438
2450,0.19,3060.71612495,0.001960086
2460,0.19,3086.93107348,0.001882621
2470,0.19,3293.73859618,0.001877813
2480,0.19,3094.82619338,0.001963218
2490,0.19,3180.70353101,0.001895387
2500,0.19,3152.89375101,0.002005456
2510,0.19,3008.4075233,0.002373288
2520,0.19,3271.83023311,0.002363364
2530,0.19,3009.78807986,0.002154761
2540,0.19,2965.53327901,0.002075724
2550,0.19,3039.38710828,0.002010811
2560,0.19,3105.9175468,0.002005402
2570,0.19,3262.16540502,0.002147566
2580,0.19,2895.87254238,0.00198323
2590,0.19,3392.99918022,0.002106205
2600,0.19,3018.80257083,0.002565412
2610,0.19,2825.98790841,0.002292525
2620,0.19,3105.52162279,0.002515974
2630,0.19,3042.12995272,0.002239523
2640,0.19,3030.80209533,0.003313057
2650,0.19,2890.47784003,0.002358661
2660,0.19,3151.94889585,0.003323386
2670,0.19,3319.34623528,0.002335616
2680,0.19,3267.5000831,0.002177423
2690,0.19,3279.30125844,0.002706075
2700,0.19,3493.45410481,0.002735037
2710,0.19,3220.44543062,0.002342213
2720,0.19,3066.60860601,0.002268106
2730,0.19,3084.63138685,0.002397453
2740,0.19,3107.46692831,0.002129313
2750,0.19,3099.18770963,0.002071871
2760,0.19,3063.60793444,0.002223993
2770,0.19,2889.5557259,0.002326762
2780,0.19,3106.53037115,0.036572839
2790,0.19,3213.39385899,0.00275502
2800,0.19,3208.00107371,0.002793562
2810,0.19,3131.94734879,0.002638973
2820,0.19,3151.8872111,0.002638868
2830,0.19,2785.05768122,0.003217001
2840,0.19,2997.6556795,0.002383747
2850,0.19,3231.68792793,0.003117935
2860,0.19,2999.47124404,0.002426623
2870,0.19,3033.24206965,0.002539944
2880,0.19,3334.03439171,0.002890731
2890,0.19,3430.76089172,0.002535486
2900,0.19,3219.40484538,0.002766335
2910,0.19,3081.9651295,0.002484065
2920,0.19,3226.36836138,0.002579509
2930,0.19,2783.4214644,0.003129674
2940,0.19,3386.95436492,0.002687116
2950,0.19,3112.59911585,0.002583963
2960,0.19,3113.95194197,0.009906739
2970,0.19,3179.273119,0.002762578
2980,0.19,3272.70252939,0.003209378
2990,0.19,3093.79688451,0.003699529
3000,0.19,3053.69639914,0.003203262
3010,0.19,3013.5108449,0.0070442
3020,0.19,3047.80502869,0.00311218
3030,0.19,3074.11796216,0.002778976
3040,0.19,3129.25534503,0.00285554
3050,0.19,3015.76065287,0.003839211
3060,0.19,3127.75920787,0.003367502
3070,0.19,3280.50414699,0.003912174
3080,0.19,3158.84754634,0.003711014
3090,0.19,2947.80607235,0.002626269
3100,0.19,3375.52073491,0.004858627
3110,0.19,3158.63947868,0.003074411
3120,0.19,3091.83355379,0.003086981
3130,0.19,3210.87655198,0.002997456
3140,0.19,3216.14208327,0.003130169
3150,0.19,3275.11697925,0.003005932
3160,0.19,2846.1957824,0.003025164
3170,0.19,3143.67260847,0.002918607
3180,0.19,3285.23410922,0.002804365
3190,0.19,3058.00287473,0.003569246
3200,0.19,3234.34083485,0.00323775
3210,0.19,2917.61524535,0.002727823
3220,0.19,3389.62320409,0.002933299
3230,0.19,2874.36663308,0.002915786
3240,0.19,2902.84499204,0.003532344
3250,0.19,3135.29904933,0.002719861
3260,0.19,2907.09373869,0.003233395
3270,0.19,3082.46269302,0.002906382
3280,0.19,2925.55603834,0.003590312
3290,0.19,2924.46532635,0.003542766
3300,0.19,3441.54909499,0.002988751
3310,0.19,3393.28869472,0.0032699
3320,0.19,3179.66045993,0.003437714
3330,0.19,3157.95792708,0.003568802
3340,0.19,3352.18810993,0.004080847
3350,0.19,3301.40178157,0.002980477
3360,0.19,3065.64859031,0.003827642
3370,0.19,2929.39118218,0.003734752
3380,0.19,3222.48072577,0.003065664
3390,0.19,3037.14039726,0.003140886
3400,0.19,3328.98499487,0.003713517
3410,0.19,3178.56260996,0.003378924
3420,0.19,3031.51329035,0.003037501
3430,0.19,3201.88771708,0.002991906
3440,0.19,3123.59454795,0.00261149
3450,0.19,2950.13565036,0.002693372
3460,0.19,2952.2643932,0.003091922
3470,0.19,3049.6972331,0.003262572
3480,0.19,3097.59624917,0.003067375
3490,0.19,3226.9564016,0.002631713
3500,0.19,3041.48549586,0.002704469
3510,0.19,3285.74178816,0.002714663
3520,0.19,2931.12060061,0.003261296
3530,0.19,3348.69271038,0.003226488
3540,0.19,2817.97773496,0.002978005
3550,0.19,3052.95070646,0.00279656
3560,0.19,3272.01058743,0.00282494
3570,0.19,2771.77063618,0.002804772
3580,0.19,3272.12282611,0.002887819
3590,0.19,3070.45330254,0.002938822
3600,0.19,3181.05857367,0.00276649
3610,0.19,2991.16563487,0.002862172
3620,0.19,3183.47034788,0.002829951
3630,0.19,3088.11313585,0.003022315
3640,0.19,2798.75286008,0.003303774
3650,0.19,3063.86317972,0.003597237
3660,0.19,3001.44538591,0.002993069
3670,0.19,3275.01268874,0.004868269
3680,0.19,2982.99098391,0.004075505
3690,0.19,3154.53359409,0.003700569
3700,0.19,3216.73572564,0.003182146
3710,0.19,3166.90192574,0.00295129
3720,0.19,2792.16467779,0.003845101
3730,0.19,2878.77613724,0.003256161
3740,0.19,3371.93711982,0.00333497
3750,0.19,3383.22481242,0.003315628
3760,0.19,3243.33458242,0.003530081
3770,0.19,3389.16869178,0.003318468
3780,0.19,2878.40748125,0.003498547
3790,0.19,3266.52584808,0.00310121
3800,0.19,3228.32370583,0.003327701
3810,0.19,3300.2320456,0.003715137
3820,0.19,3232.98165297,0.003511706
3830,0.19,3108.57969952,0.003241776
3840,0.19,3147.50450523,0.004763841
3850,0.19,3097.48770704,0.003332497
3860,0.19,3279.21606057,0.004728975
3870,0.19,2880.53581975,0.004062902
3880,0.19,2901.72405942,0.003851582
3890,0.19,3266.62523817,0.003484819
3900,0.19,2857.78665558,0.003118946
3910,0.19,2569.77496317,0.003140972
3920,0.19,3303.28718176,0.00313394
3930,0.19,3065.72540049,0.003727048
3940,0.19,3188.22066,0.003430006
3950,0.19,3292.50334451,0.003539472
3960,0.19,3055.16946302,0.003163395
3970,0.19,2548.6262395,0.003174393
3980,0.19,3276.79673615,0.003548469
3990,0.19,3066.03945469,0.003275645
4000,0.19,3260.15288196,0.003688003
4010,0.19,3334.9998465,0.003193241
4020,0.19,3010.61445915,0.003410492
4030,0.19,2879.09770686,0.003244766
4040,0.19,3022.872977,0.003311395
4050,0.19,3138.32457302,0.003255178
4060,0.19,2886.51956331,0.003422667
4070,0.19,3227.43848814,0.003313871
4080,0.19,3268.05762022,0.003289852
4090,0.19,3044.00653793,0.003794692
4100,0.19,3169.61853226,0.003507362
4110,0.19,2870.78773525,0.003441318
4120,0.19,3004.31228067,0.003309476
4130,0.19,3262.64094814,0.003388694
4140,0.19,3365.21814963,0.00332294
4150,0.19,2991.47205634,0.004173955
4160,0.19,3284.85067789,0.003638499
4170,0.19,3210.18291217,0.003844614
4180,0.19,3309.12431277,0.004259104
4190,0.19,3189.63314687,0.00476892
4200,0.19,3293.47354152,0.007865388
4210,0.19,3091.4004458,0.003826279
4220,0.19,3200.19552129,0.003926214
4230,0.19,3426.00255816,0.004515592
4240,0.19,3348.97360554,0.004809882
4250,0.19,3188.06846043,0.004485405
4260,0.19,2878.84862465,0.004389952
4270,0.19,3302.84591031,0.003684289
4280,0.19,3183.62364987,0.003584667
4290,0.19,3143.10510327,0.003712146
4300,0.19,3293.58682092,0.004072179
4310,0.19,3294.52679269,0.003611893
4320,0.19,2810.58133102,0.004121758
4330,0.19,3118.88325877,0.003423042
4340,0.19,3027.67896467,0.00398936
4350,0.19,3001.85876118,0.00406354
4360,0.19,2913.06647548,0.003466178
4370,0.19,2926.69492449,0.003542648
4380,0.19,3283.19770741,0.004019375
4390,0.19,2962.58677655,0.003669441
4400,0.19,3147.75854757,0.004220737
4410,0.19,3012.62481162,0.003940198
4420,0.19,3189.06010662,0.003934756
4430,0.19,3127.23640019,0.004740786
4440,0.19,3267.99295491,0.004305569
4450,0.19,3116.97764954,0.004532525
4460,0.19,3256.7413449,0.005266742
4470,0.19,2991.03700987,0.004924666
4480,0.19,3223.45820329,0.006123877
4490,0.19,3240.99495834,0.004309153
4500,0.19,2944.98068723,0.004225421
4510,0.19,3336.30360064,0.00721468
4520,0.19,3059.33345988,0.005001359
4530,0.19,3335.05859762,0.004724261
4540,0.19,3383.73197687,0.004645493
4550,0.19,3143.37113072,0.006108921
4560,0.19,2826.80285528,0.005483318
4570,0.19,3388.53937281,0.006102463
4580,0.19,3248.07083803,0.005043419
4590,0.19,3144.27889408,0.006429643
4600,0.19,3234.55676278,0.006062863
4610,0.19,2856.50811253,0.007266166
4620,0.19,3249.27354848,0.006435218
4630,0.19,3179.84941577,0.005706504
4640,0.19,3252.33196492,0.005454052
4650,0.19,2971.37942985,0.00567957
4660,0.19,3100.26449575,0.004709321
4670,0.19,2789.29595507,0.006748395
4680,0.19,2985.54670795,0.004983781
4690,0.19,2919.79621638,0.00519781
4700,0.19,2760.85888717,0.006236885
4710,0.19,3072.22722003,0.004933346
4720,0.19,3384.11577092,0.005287367
4730,0.19,2687.06678977,0.004594198
4740,0.19,3302.03493274,0.004608984
4750,0.19,3133.60403701,0.004608207
4760,0.19,2966.69079789,0.005162539
4770,0.19,3181.63869028,0.005070715
4780,0.19,3242.62653187,0.004508953
4790,0.19,3445.27574935,0.004474293
4800,0.19,2783.42135264,0.004837482
4810,0.19,2982.94264615,0.004572447
4820,0.19,3159.19511385,0.004799804
4830,0.19,2886.3287277,0.004630602
4840,0.19,3330.12937826,0.004611198
4850,0.19,3123.64762983,0.004812279
4860,0.19,3171.6599037,0.00475648
4870,0.19,3197.92986491,0.004524747
4880,0.19,3307.25109767,0.004701332
4890,0.19,3208.9220835,0.004562587
4900,0.19,3269.05144144,0.004866305
4910,0.19,3357.68780771,0.005608375
4920,0.19,3304.34463413,0.005424162
4930,0.19,2828.83539179,0.00496285
4940,0.19,3415.67076356,0.005831483
4950,0.19,3234.25934144,0.005887835
4960,0.19,3073.75986986,0.009345738
4970,0.19,3247.70298043,0.004765564
4980,0.19,3016.44291493,0.003971134
4990,0.19,3205.33881453,0.004740412
0,0.38,1749.6741928,7.44299999988e-06
10,0.38,2413.60749896,8.66900000007e-06
20,0.38,2588.10067758,1.42649999999e-05
30,0.38,2618.0173226,2.8666e-05
40,0.38,2830.41837348,1.54290000003e-05
50,0.38,2957.02203413,1.3601e-05
60,0.38,3145.95029552,3.11319999997e-05
70,0.38,2981.10952327,3.69149999999e-05
80,0.38,3088.87590231,3.77629999999e-05
90,0.38,3048.94725604,5.2846e-05
100,0.38,2972.32360841,3.44670000003e-05
110,0.38,3287.42262192,6.13669999998e-05
120,0.38,3164.6806829,3.47550000002e-05
130,0.38,2994.86738728,4.45579999999e-05
140,0.38,3229.64253119,5.45299999999e-05
150,0.38,3375.25723506,6.03469999998e-05
160,0.38,3204.64818649,6.46149999999e-05
170,0.38,3009.8141465,6.09429999998e-05
180,0.38,3173.62270092,9.72379999999e-05
190,0.38,3010.15196807,6.79940000001e-05
200,0.38,2943.2622713,0.000105303
210,0.38,3228.60615111,7.98289999997e-05
220,0.38,2831.93559108,7.81669999999e-05
230,0.38,2961.63599417,0.000116249
240,0.38,3029.33673314,0.000148555
250,0.38,3331.26044239,9.18030000001e-05
260,0.38,3281.56538009,8.68590000001e-05
270,0.38,3012.27132579,0.000116774
280,0.38,2864.48043092,9.62059999998e-05
290,0.38,3350.11852173,0.00011925
300,0.38,2965.03350272,0.00010018
310,0.38,2964.22562534,0.00010269
320,0.38,2943.16523109,0.000106382
330,0.38,3237.47757619,0.000135628
340,0.38,3156.02637819,0.000115726
350,0.38,3288.32051235,0.000398414
360,0.38,3114.09641618,0.00018375
370,0.38,2861.88443241,0.000150801
380,0.38,2978.7114109,0.00015471
390,0.38,2989.89244849,0.000168754
400,0.38,3268.79785255,0.000214144
410,0.38,2858.18770628,0.000160502
420,0.38,3010.00832041,0.000166908
430,0.38,3068.35225523,0.000197989
440,0.38,3348.96761119,0.00019386
450,0.38,3055.78664028,0.000189876
460,0.38,3307.2786082,0.000255143
470,0.38,2997.36155529,0.000160636
480,0.38,3066.74025315,0.000163226
490,0.38,3119.57561435,0.000158743
500,0.38,3047.90135356,0.000163942
510,0.38,3376.4671108,0.000227033
520,0.38,3337.22221544,0.000172161
530,0.38,2900.74096486,0.000192899
540,0.38,2921.5651218,0.000243868
550,0.38,2857.95247526,0.000208202
560,0.38,2923.3479017,0.000219146
570,0.38,3492.02091823,0.000215679
580,0.38,3066.26348951,0.000229529
590,0.38,3177.25876663,0.000360901
600,0.38,3318.15951561,0.000265541
610,0.38,3130.33448347,0.000286239
620,0.38,3020.4171571,0.000472177
630,0.38,3131.48581574,0.000275583
640,0.38,3234.2042395,0.000247145
650,0.38,3283.39897534,0.000244757
660,0.38,3208.76338307,0.000333874
670,0.38,3276.45018991,0.000409547
680,0.38,2790.23088325,0.000381373
690,0.38,2820.51376726,0.000246519
700,0.38,3078.68846652,0.000255519
710,0.38,2963.31789632,0.000253604
720,0.38,3348.73467663,0.000293858
730,0.38,3264.066754,0.000291165
740,0.38,2925.85888414,0.000390193
750,0.38,3110.6420066,0.000296882
760,0.38,3141.31679022,0.000468701
770,0.38,3027.72665562,0.000390126
780,0.38,2884.68682739,0.000501683
790,0.38,2723.65150461,0.000333371
800,0.38,3031.63379454,0.000404573
810,0.38,3337.02675596,0.000405945
820,0.38,3213.67075225,0.000352295
830,0.38,2962.30753858,0.000344964
840,0.38,3024.91853051,0.000445224
850,0.38,2914.51753489,0.000367685
860,0.38,3098.32117264,0.000358712
870,0.38,3007.56076541,0.000394455
880,0.38,3176.74145721,0.000373031
890,0.38,3047.67570255,0.000374565
900,0.38,2977.80190551,0.000388279
910,0.38,3228.29816781,0.000438601
920,0.38,3533.35476964,0.000408984
930,0.38,3127.63498539,0.000498093
940,0.38,3190.17569459,0.000552492
950,0.38,3242.74380623,0.000550522
960,0.38,3224.21486185,0.000491316
970,0.38,3136.36935764,0.00057217
980,0.38,3215.48740825,0.000608413
990,0.38,3035.77235815,0.000631802
1000,0.38,3121.05348492,0.00047414
1010,0.38,3333.48970976,0.000508825
1020,0.38,3230.45904,0.000504613
1030,0.38,3244.77101188,0.000515062
1040,0.38,2927.19499671,0.000701416
1050,0.38,3069.64513684,0.000578187
1060,0.38,2968.56443311,0.000696868
1070,0.38,3342.4238196,0.000539977
1080,0.38,3166.04283535,0.000533732
1090,0.38,3090.44556964,0.000559966
1100,0.38,3283.76802139,0.000544492
1110,0.38,3319.90976936,0.000579375
1120,0.38,2695.03229346,0.000712758
1130,0.38,3134.38640431,0.001325546
1140,0.38,2950.57788828,0.001785382
1150,0.38,3341.03552609,0.000967652
1160,0.38,3077.63164154,0.001112248
1170,0.38,3279.9943651,0.000802121
1180,0.38,3142.58363164,0.000618269
1190,0.38,3184.72625442,0.000655281
1200,0.38,2922.27025638,0.000647902
1210,0.38,3248.78431466,0.000669507
1220,0.38,3217.90808465,0.000660767
1230,0.38,3387.53997871,0.000685343
1240,0.38,3160.20635521,0.000945297
1250,0.38,3159.86175166,0.000728637
1260,0.38,3189.76449754,0.000701167
1270,0.38,3109.215937,0.000788165
1280,0.38,3209.0079137,0.000774388
1290,0.38,2789.93657117,0.000800052
1300,0.38,3153.11102919,0.000864131
1310,0.38,2899.71483294,0.001661366
1320,0.38,3205.72279762,0.000740435
1330,0.38,3204.00981316,0.000763385
1340,0.38,3298.88330913,0.000756527
1350,0.38,3083.23748863,0.000830486
1360,0.38,3156.37249267,0.001060151
1370,0.38,3289.17355582,0.001219465
1380,0.38,3114.11188498,0.000786233
1390,0.38,2775.6340342,0.000833893
1400,0.38,3149.47786475,0.000824976
1410,0.38,3023.98674889,0.000818232
1420,0.38,2947.0287365,0.000866835
1430,0.38,3200.99887889,0.001191562
1440,0.38,2850.00044734,0.000954947
1450,0.38,3009.79429489,0.00086307
1460,0.38,3126.01776154,0.000870429
1470,0.38,3183.03921504,0.000972691
1480,0.38,3077.02109921,0.000870112
1490,0.38,3466.74436955,0.000978597
1500,0.38,2939.03351348,0.001095055
1510,0.38,3119.89034457,0.000907268
1520,0.38,3130.68632733,0.000909615
1530,0.38,3258.69144207,0.000922799
1540,0.38,3240.97983705,0.000925897
1550,0.38,3096.26031053,0.001045798
1560,0.38,3159.60844336,0.001406711
1570,0.38,3022.62180869,0.000954262
1580,0.38,3224.21285389,0.000970783
1590,0.38,3069.14229454,0.001246758
1600,0.38,2819.41663437,0.00127637
1610,0.38,3298.94958517,0.001395247
1620,0.38,3434.92080091,0.001059242
1630,0.38,3053.95294769,0.001003169
1640,0.38,3113.71031749,0.001033847
1650,0.38,3255.89894456,0.001023986
1660,0.38,3086.53296623,0.001149713
1670,0.38,3033.3374345,0.001497733
1680,0.38,3266.15214661,0.001153773
1690,0.38,3111.21740572,0.001073827
1700,0.38,3203.84128725,0.001264149
1710,0.38,3215.10981722,0.001381085
1720,0.38,3116.19431301,0.002519611
1730,0.38,3176.39391245,0.001182693
1740,0.38,3161.76001595,0.001164076
1750,0.38,3198.27621431,0.001191585
1760,0.38,2936.34811138,0.001440507
1770,0.38,3051.31874897,0.001242561
1780,0.38,2819.82263875,0.001884737
1790,0.38,3313.03110949,0.001187697
1800,0.38,3239.24206316,0.00148035
1810,0.38,3213.0163566,0.001116543
1820,0.38,2791.13871255,0.001155933
1830,0.38,3394.39068712,0.001277183
1840,0.38,3291.52472044,0.001340643
1850,0.38,2759.71655322,0.002110321
1860,0.38,3072.4915796,0.001201932
1870,0.38,3081.47958796,0.001195162
1880,0.38,2962.93189802,0.001259407
1890,0.38,2734.36008793,0.002437935
1900,0.38,3180.25290992,0.001787403
1910,0.38,3319.47749822,0.001375396
1920,0.38,3308.8578612,0.001767972
1930,0.38,3108.13936887,0.002092064
1940,0.38,3320.14434654,0.001285756
1950,0.38,3084.87931677,0.001568938
1960,0.38,3011.54737583,0.002584629
1970,0.38,3013.54345348,0.001293322
1980,0.38,3040.84371894,0.001320924
1990,0.38,2912.80256399,0.001364787
2000,0.38,2895.86266011,0.001467264
2010,0.38,3051.36250861,0.00206389
2020,0.38,3252.33565905,0.001408502
2030,0.38,3230.53619507,0.001879887
2040,0.38,3139.99305583,0.001775699
2050,0.38,3048.72728513,0.0013704
2060,0.38,3444.02457229,0.001447842
2070,0.38,3285.6615836,0.002025992
2080,0.38,3286.80960705,0.001668391
2090,0.38,3184.68846711,0.001471007
2100,0.38,3311.26247567,0.001461357
2110,0.38,3100.15656587,0.001779269
2120,0.38,2999.88601945,0.001535174
2130,0.38,2828.83945387,0.00154217
2140,0.38,3397.27312931,0.001509933
2150,0.38,2811.34012738,0.001543064
2160,0.38,2966.287595,0.002067823
2170,0.38,3069.48105747,0.001676823
2180,0.38,3287.07303945,0.001928534
2190,0.38,2957.70327549,0.001825058
2200,0.38,2990.78720342,0.002468152
2210,0.38,2935.06591658,0.011940077
2220,0.38,2848.98957885,0.001755759
2230,0.38,2967.4539337,0.001615577
2240,0.38,3148.88658139,0.002560955
2250,0.38,2817.75339414,0.00337091
2260,0.38,3278.20990968,0.003499073
2270,0.38,3178.68104503,0.001726276
2280,0.38,3165.31980367,0.002093098
2290,0.38,3145.13568248,0.002553175
2300,0.38,2944.64461094,0.002050775
2310,0.38,3170.10254238,0.001715508
2320,0.38,3129.91795532,0.002013189
2330,0.38,3177.63820684,0.001602935
2340,0.38,2974.44331162,0.001619472
2350,0.38,3016.05773353,0.001575847
2360,0.38,3227.55878573,0.001987599
2370,0.38,2922.74663478,0.00162718
2380,0.38,2819.73848375,0.001676176
2390,0.38,3202.76622979,0.001644299
2400,0.38,3071.11705918,0.002254566
2410,0.38,3268.67588655,0.001668728
2420,0.38,3211.29566438,0.001598835
2430,0.38,2997.44321934,0.001671148
2440,0.38,3184.94857987,0.002047741
2450,0.38,2971.98258025,0.001669782
2460,0.38,3017.01087325,0.001733585
2470,0.38,3171.6834421,0.001751807
2480,0.38,3120.52455899,0.0021527
2490,0.38,2902.98617515,0.001798921
2500,0.38,3303.71105959,0.00166263
2510,0.38,3110.79560812,0.00191965
2520,0.38,3165.89589201,0.001860579
2530,0.38,3209.23885763,0.001762867
2540,0.38,3108.53652336,0.001817262
2550,0.38,2996.24646208,0.002283915
2560,0.38,3256.10295414,0.001859253
2570,0.38,3272.85862927,0.002135868
2580,0.38,3172.90857313,0.002300674
2590,0.38,3088.98760326,0.001843715
2600,0.38,3149.37081285,0.001975405
2610,0.38,2998.99976743,0.002640573
2620,0.38,3061.76893194,0.001812624
2630,0.38,3129.60015873,0.002340609
2640,0.38,3290.0203812,0.001982653
2650,0.38,3221.93756491,0.002319107
2660,0.38,3046.12245352,0.002120923
2670,0.38,3035.36135368,0.002338988
2680,0.38,3418.30096921,0.002075515
2690,0.38,3259.32352411,0.002044677
2700,0.38,3142.96862878,0.002108991
2710,0.38,3104.45276436,0.002051229
2720,0.38,3035.39972133,0.002003114
2730,0.38,2933.90573424,0.002452455
2740,0.38,3360.20542258,0.002206945
2750,0.38,3189.52524119,0.002798286
2760,0.38,3394.66408569,0.002206829
2770,0.38,3300.62604103,0.00198629
2780,0.38,3006.3039444,0.002116352
2790,0.38,3140.9185152,0.002719223
2800,0.38,3166.01094645,0.00225919
2810,0.38,3168.01220003,0.002364903
2820,0.38,2844.71903992,0.002144907
2830,0.38,3091.00978098,0.002221239
2840,0.38,3162.38004743,0.002314122
2850,0.38,3377.23068508,0.002564615
2860,0.38,3092.41185167,0.002355022
2870,0.38,3266.50161484,0.002225801
2880,0.38,3276.623701,0.003074016
2890,0.38,3117.33509788,0.002146184
2900,0.38,3241.57544604,0.002375794
2910,0.38,3320.33274617,0.002471825
2920,0.38,3182.97401909,0.002327593
2930,0.38,3180.90371267,0.002432291
2940,0.38,2923.51680246,0.002129802
2950,0.38,3227.31451842,0.002162538
2960,0.38,2898.02284636,0.003078191
2970,0.38,2958.12172574,0.002271591
2980,0.38,3182.61548962,0.002260748
2990,0.38,3152.08901476,0.002424322
3000,0.38,3177.98816032,0.002299745
3010,0.38,3073.94046169,0.002231849
3020,0.38,3070.37867026,0.002670994
3030,0.38,3017.75596771,0.002206281
3040,0.38,2975.59657394,0.002606796
3050,0.38,3088.44776686,0.002149657
3060,0.38,3207.22508917,0.00215989
3070,0.38,3410.98927191,0.002305199
3080,0.38,2883.48095712,0.002319788
3090,0.38,3197.75964787,0.002184453
3100,0.38,3294.98414593,0.002567311
3110,0.38,3205.2872597,0.002363836
3120,0.38,3017.76750544,0.002428844
3130,0.38,2916.16459936,0.002656333
3140,0.38,3029.13877827,0.002169706
3150,0.38,2702.97718235,0.002303077
3160,0.38,2972.26568165,0.002754106
3170,0.38,3003.71898591,0.002327682
3180,0.38,3194.26547161,0.00243297
3190,0.38,3156.17502353,0.002674884
3200,0.38,3253.25442576,0.003139154
3210,0.38,3114.59513568,0.00235344
3220,0.38,3156.34451532,0.00283841
3230,0.38,3485.67051846,0.003225497
3240,0.38,3198.11335706,0.003109639
3250,0.38,2891.86765905,0.002467068
3260,0.38,2958.63996798,0.00243952
3270,0.38,3288.42246573,0.002906783
3280,0.38,3047.24464643,0.002516061
3290,0.38,3061.29824145,0.003956884
3300,0.38,2990.15211396,0.003920612
3310,0.38,3378.48656476,0.003859365
3320,0.38,3003.02872239,0.003124924
3330,0.38,2745.53385244,0.002843327
3340,0.38,3097.6581613,0.002886714
3350,0.38,3466.51122602,0.002764306
3360,0.38,2900.38913764,0.002790123
3370,0.38,3286.25795464,0.002843719
3380,0.38,3194.1159438,0.002820504
3390,0.38,3065.57564974,0.00322397
3400,0.38,3411.02533747,0.002666358
3410,0.38,3085.0632647,0.002624788
3420,0.38,2982.87586374,0.003139268
3430,0.38,2860.32134188,0.003002004
3440,0.38,2980.34267595,0.004457034
3450,0.38,2631.71738562,0.002630949
3460,0.38,3283.02297279,0.003536235
3470,0.38,3136.22310214,0.002953234
3480,0.38,2939.44531969,0.003183131
3490,0.38,3234.12091114,0.002766775
3500,0.38,3280.67857057,0.0031048
3510,0.38,2936.2828174,0.002656824
3520,0.38,3059.8958201,0.00290498
3530,0.38,3134.3470504,0.003290219
3540,0.38,3091.21524528,0.003230207
3550,0.38,3102.05124323,0.003436368
3560,0.38,3179.59012159,0.003228377
3570,0.38,3152.80770091,0.004603267
3580,0.38,2924.91497066,0.002961428
3590,0.38,2987.18294294,0.00397295
3600,0.38,3257.39600721,0.00269683
3610,0.38,3318.55455935,0.004102267
3620,0.38,3109.132004,0.002675521
3630,0.38,3131.946237,0.003039315
3640,0.38,2846.40894759,0.002728995
3650,0.38,3384.32464931,0.002720635
3660,0.38,3205.40013677,0.003235736
3670,0.38,3072.14623857,0.002631762
3680,0.38,2778.3331005,0.003300738
3690,0.38,3261.82799761,0.002695514
3700,0.38,2903.92077241,0.002746725
3710,0.38,3247.38002525,0.00399313
3720,0.38,2984.89659088,0.003394376
3730,0.38,2861.28509546,0.003062909
3740,0.38,2977.70689789,0.002866496
3750,0.38,3284.76034336,0.003200878
3760,0.38,3011.78286338,0.002797831
3770,0.38,3034.6435664,0.003088016
3780,0.38,3188.25368389,0.003057949
3790,0.38,3288.31356971,0.0027368
3800,0.38,3104.14165247,0.003260885
3810,0.38,2867.62724872,0.002803326
3820,0.38,3123.41493971,0.003001832
3830,0.38,2904.07678809,0.002921103
3840,0.38,2824.71359742,0.003161784
3850,0.38,3013.32202318,0.003917537
3860,0.38,3136.85460581,0.002821882
3870,0.38,3117.74971145,0.003767303
3880,0.38,3127.16578025,0.003396405
3890,0.38,3328.80653589,0.003266743
3900,0.38,3119.85492044,0.013374217
3910,0.38,3097.09403536,0.004606627
3920,0.38,3261.03873543,0.004260693
3930,0.38,3213.97518039,0.003070483
3940,0.38,3036.86915647,0.003397932
3950,0.38,3343.40355048,0.00410053
3960,0.38,2877.80340461,0.003848582
3970,0.38,3240.7825943,0.003555453
3980,0.38,3207.90685145,0.003486669
3990,0.38,2975.89743201,0.003504602
4000,0.38,3011.16118937,0.003668166
4010,0.38,3010.57087868,0.00304082
4020,0.38,3303.37558547,0.003643811
4030,0.38,2928.12906091,0.003421122
4040,0.38,3140.21075074,0.003810009
4050,0.38,3193.99437589,0.003713779
4060,0.38,3254.29351277,0.004293386
4070,0.38,3111.54418667,0.003577984
4080,0.38,2880.78145911,0.003080852
4090,0.38,3019.26539105,0.003636683
4100,0.38,3194.89926925,0.003014889
4110,0.38,3321.61111101,0.003295559
4120,0.38,2699.10876882,0.003240624
4130,0.38,3042.13128556,0.003046451
4140,0.38,3049.70467048,0.003826953
4150,0.38,2953.74008511,0.003060983
4160,0.38,3259.39331802,0.003450858
4170,0.38,3086.43411743,0.003062851
4180,0.38,3179.60159597,0.00362572
4190,0.38,3242.05001615,0.003204128
4200,0.38,3336.84127195,0.004362879
4210,0.38,2901.02237019,0.003228645
4220,0.38,3132.49259741,0.003579819
4230,0.38,3233.03730045,0.003591182
4240,0.38,3209.07853303,0.003585852
4250,0.38,3120.3983165,0.003331678
4260,0.38,3117.76248799,0.003709784
4270,0.38,3069.72178923,0.003169128
4280,0.38,2923.13420572,0.00349854
4290,0.38,3177.90351761,0.003198382
4300,0.38,3103.32144302,0.003329394
4310,0.38,3147.57581181,0.003545072
4320,0.38,2979.22303799,0.003833794
4330,0.38,3145.74189931,0.003663514
4340,0.38,2801.73648979,0.003608501
4350,0.38,3225.78185362,0.004358673
4360,0.38,3431.58246719,0.004002876
4370,0.38,2907.57586896,0.003327069
4380,0.38,3136.09010409,0.003740444
4390,0.38,3392.64958322,0.003251527
4400,0.38,3179.99791647,0.003777005
4410,0.38,3317.97975174,0.00369643
4420,0.38,3367.09331957,0.003763646
4430,0.38,3477.55711417,0.003292341
4440,0.38,2964.75422371,0.004069319
4450,0.38,3194.78308454,0.003704025
4460,0.38,2946.09435449,0.003338117
4470,0.38,2808.50349055,0.003801503
4480,0.38,3127.81868718,0.004167616
4490,0.38,3087.0364258,0.003546486
4500,0.38,3152.44841744,0.003824488
4510,0.38,3322.8372197,0.003437959
4520,0.38,3365.32433123,0.003782937
4530,0.38,2929.70902042,0.003866184
4540,0.38,2816.2625805,0.004105983
4550,0.38,2851.67869859,0.004343365
4560,0.38,2656.36476664,0.003913228
4570,0.38,2954.33678453,0.003555628
4580,0.38,3114.98225339,0.003404691
4590,0.38,3025.10360674,0.003549533
4600,0.38,3160.45742756,0.003584456
4610,0.38,3169.23151391,0.003560094
4620,0.38,3170.86827128,0.003484301
4630,0.38,3165.1272638,0.003586488
4640,0.38,3262.4100508,0.003438827
4650,0.38,3049.99424426,0.003487322
4660,0.38,3222.06531094,0.003556142
4670,0.38,3154.97945556,0.003683815
4680,0.38,2919.34638263,0.013054808
4690,0.38,2845.26290044,0.004436492
4700,0.38,3241.71287805,0.004532575
4710,0.38,2977.57377667,0.006171523
4720,0.38,3101.57637984,0.004477812
4730,0.38,3018.64105448,0.005115597
4740,0.38,2936.87048559,0.004010416
4750,0.38,3187.80392575,0.003756664
4760,0.38,3028.42126924,0.003850389
4770,0.38,3202.19667914,0.004284605
4780,0.38,2805.25033566,0.003832612
4790,0.38,3130.92621779,0.004152927
4800,0.38,2908.86207148,0.004091473
4810,0.38,2998.06981797,0.003881157
4820,0.38,2884.13811818,0.004234203
4830,0.38,3259.29101746,0.00486842
4840,0.38,3199.45333482,0.004278405
4850,0.38,2938.50627301,0.004568826
4860,0.38,3107.65114629,0.003938107
4870,0.38,3187.92006112,0.00401951
4880,0.38,3058.83781679,0.00431385
4890,0.38,3048.53883737,0.004059943
4900,0.38,3027.18767754,0.004531203
4910,0.38,2892.85152962,0.003951362
4920,0.38,3152.72071286,0.004435409
4930,0.38,2942.90370821,0.005097073
4940,0.38,2902.72940677,0.004059014
4950,0.38,3162.81091372,0.004179959
4960,0.38,3002.41618427,0.003812614
4970,0.38,3348.05613189,0.004426323
4980,0.38,3457.3796898,0.005155313
4990,0.38,3203.06397826,0.003905238
0,0.76,2443.57662543,3.56600000018e-06
10,0.76,1929.85567698,4.05499999978e-06
20,0.76,2048.80975975,5.63499999995e-06
30,0.76,2225.07686173,1.04670000001e-05
40,0.76,3110.59392167,2.62719999999e-05
50,0.76,2949.62971752,1.91200000002e-05
60,0.76,2819.62173424,1.89170000002e-05
70,0.76,3159.80052707,1.8351e-05
80,0.76,2987.62855495,1.90369999999e-05
90,0.76,3099.30717538,3.59050000003e-05
100,0.76,3152.66122292,5.17209999997e-05
110,0.76,2784.07244611,0.000338618
120,0.76,3105.03955139,5.87249999997e-05
130,0.76,3258.20054739,4.4806e-05
140,0.76,3313.24179186,8.89660000003e-05
150,0.76,3271.15299604,5.97260000004e-05
160,0.76,2816.35259394,7.45539999998e-05
170,0.76,3145.12260704,0.000114085
180,0.76,3220.34941847,6.46559999997e-05
190,0.76,3202.09623747,6.90309999998e-05
200,0.76,3052.51216727,9.78750000002e-05
210,0.76,3206.61898093,8.59069999999e-05
220,0.76,3229.60764918,8.21480000002e-05
230,0.76,3123.84773975,9.53580000003e-05
240,0.76,3254.03143203,7.36159999999e-05
250,0.76,3184.37042482,8.15369999998e-05
260,0.76,2864.6877849,0.000115873
270,0.76,2990.95423807,0.000130756
280,0.76,2760.06093147,9.1743e-05
290,0.76,2931.2606421,0.000112001
300,0.76,3144.67930553,0.000161931
310,0.76,2707.29099326,0.000168087
320,0.76,3359.72640145,9.96929999997e-05
330,0.76,2951.18705189,0.000137577
340,0.76,3070.05455939,0.000137223
350,0.76,3400.68117484,0.000119072
360,0.76,3476.12839905,0.000126223
370,0.76,3116.63246689,0.00011503
380,0.76,3059.74330294,0.000128446
390,0.76,3185.94345745,0.00012555
400,0.76,2943.56972414,0.000153698
410,0.76,3151.28515948,0.000166738
420,0.76,2779.14794396,0.0001745
430,0.76,3022.82095871,0.000160273
440,0.76,3529.6922831,0.000234638
450,0.76,3418.50194373,0.000151348
460,0.76,3116.11478008,0.000149364
470,0.76,3104.13276399,0.000301113
480,0.76,2889.18326379,0.000209025
490,0.76,3046.52807467,0.000160372
500,0.76,3355.09951809,0.000249647
510,0.76,3272.52482288,0.000223042
520,0.76,2466.33115521,0.000235644
530,0.76,3050.59681331,0.000171888
540,0.76,3348.43038648,0.000183673
550,0.76,3089.26754664,0.000183489
560,0.76,2815.76226958,0.00022529
570,0.76,3181.14066959,0.000183648
580,0.76,3126.79150827,0.000207922
590,0.76,3212.56940425,0.000192196
600,0.76,2948.02125506,0.000205854
610,0.76,2950.93382506,0.000199448
620,0.76,3191.31946097,0.000221665
630,0.76,3392.13630946,0.000221788
640,0.76,3220.88527725,0.00032158
650,0.76,3307.40539287,0.000389567
660,0.76,3309.83378899,0.000242246
670,0.76,3167.76842278,0.00023103
680,0.76,2948.72894983,0.00021864
690,0.76,2953.1791011,0.000224529
700,0.76,3106.64334928,0.00023733
710,0.76,3307.59889591,0.000234152
720,0.76,3312.06154851,0.000241287
730,0.76,3272.42630847,0.000236167
740,0.76,3178.3796133,0.000257249
750,0.76,3014.2587825,0.000247662
760,0.76,3225.83934143,0.00025296
770,0.76,3072.79231402,0.000290673
780,0.76,3109.13098967,0.000375988
790,0.76,3277.08596674,0.000264416
800,0.76,2887.85728337,0.000273223
810,0.76,2928.17730169,0.000307979
820,0.76,3289.07479688,0.000493837
830,0.76,2893.75473681,0.000284821
840,0.76,3264.03857201,0.000288396
850,0.76,3149.03724671,0.000288189
860,0.76,3105.64709551,0.000296467
870,0.76,3041.09393197,0.000285041
880,0.76,2990.05532964,0.000291432
890,0.76,3101.68187614,0.000299749
900,0.76,3214.56214211,0.000297138
910,0.76,3117.13290824,0.000350795
920,0.76,3118.7730109,0.000339434
930,0.76,3025.75555122,0.000306199
940,0.76,3225.57908963,0.000320674
950,0.76,3036.83765673,0.000412111
960,0.76,3167.19538484,0.000339704
970,0.76,3344.53608556,0.000390406
980,0.76,3321.80859724,0.000327343
990,0.76,3168.38011317,0.000329898
1000,0.76,3480.61345207,0.00032573
1010,0.76,3267.54563406,0.000329551
1020,0.76,3219.28649316,0.000339174
1030,0.76,3385.33310627,0.000351062
1040,0.76,2992.11737669,0.000345829
1050,0.76,3067.4810112,0.000364162
1060,0.76,3082.10164873,0.000426088
1070,0.76,2871.06227179,0.00034964
1080,0.76,3117.68340886,0.000398896
1090,0.76,3176.54613714,0.00038219
1100,0.76,3310.60129335,0.00045435
1110,0.76,3298.14138761,0.000369408
1120,0.76,3279.60059835,0.000370793
1130,0.76,3056.55402946,0.000385459
1140,0.76,3277.8465907,0.000386888
1150,0.76,3101.11772187,0.000375468
1160,0.76,3341.03437535,0.00038111
1170,0.76,2900.99799961,0.000384047
1180,0.76,3212.03400346,0.000387107
1190,0.76,2851.14989015,0.000402316
1200,0.76,3152.39394554,0.000412732
1210,0.76,3137.55366789,0.000434809
1220,0.76,3419.25396613,0.000621188
1230,0.76,3244.47121056,0.000542572
1240,0.76,3058.40759393,0.000412631
1250,0.76,3002.3359126,0.0004215
1260,0.76,3080.94273932,0.000476662
1270,0.76,2988.31055261,0.000407961
1280,0.76,3242.68639776,0.000422607
1290,0.76,3011.35196097,0.000449176
1300,0.76,3327.54336392,0.00053503
1310,0.76,3109.35826576,0.00043189
1320,0.76,3246.75988747,0.00047306
1330,0.76,3052.55884778,0.000532416
1340,0.76,3093.79738246,0.000444449
1350,0.76,3242.59382254,0.000465311
1360,0.76,3144.02403897,0.000982301
1370,0.76,3063.0562152,0.00085038
1380,0.76,3150.34806538,0.000915777
1390,0.76,2942.90137515,0.00095913
1400,0.76,3180.23714552,0.001070625
1410,0.76,2954.67287138,0.000689509
1420,0.76,3162.83527082,0.000513672
1430,0.76,3108.459426,0.000522119
1440,0.76,3203.28388812,0.000498828
1450,0.76,2970.46343803,0.00046922
1460,0.76,2836.51528545,0.000635483
1470,0.76,3220.88816945,0.000535986
1480,0.76,2825.98880255,0.000605148
1490,0.76,3333.2517124,0.000485981
1500,0.76,2890.43745245,0.000524171
1510,0.76,2800.59752828,0.000535144
1520,0.76,3218.83784361,0.000589852
1530,0.76,3083.37180205,0.000516767
1540,0.76,3026.54889523,0.000520148
1550,0.76,3157.51884725,0.000567155
1560,0.76,3273.70901213,0.000523899
1570,0.76,3008.86900338,0.000643358
1580,0.76,3294.10410373,0.000846353
1590,0.76,3031.00755057,0.000541484
1600,0.76,3249.99629541,0.000624339
1610,0.76,3019.80222079,0.000674229
1620,0.76,3052.26539166,0.000617499
1630,0.76,3009.69371599,0.000893872
1640,0.76,3438.5965494,0.000594948
1650,0.76,2924.13725213,0.000565078
1660,0.76,3061.47285893,0.000564625
1670,0.76,2941.50158725,0.000660085
1680,0.76,3039.28442144,0.000638609
1690,0.76,3227.83724616,0.000615069
1700,0.76,2817.25591544,0.000724024
1710,0.76,3288.06216124,0.000922979
1720,0.76,3201.40222292,0.000632184
1730,0.76,2960.46229894,0.000628353
1740,0.76,3285.72253195,0.000554058
1750,0.76,3344.99829415,0.000590353
1760,0.76,3247.50355968,0.000605301
1770,0.76,3157.73324404,0.000710361
1780,0.76,3136.97085341,0.001069928
1790,0.76,3017.81833095,0.000775887
1800,0.76,2976.87112313,0.000857393
1810,0.76,3102.89246085,0.000770094
1820,0.76,3173.74117991,0.000859786
1830,0.76,3064.96860899,0.000974306
1840,0.76,3160.48788489,0.001183573
1850,0.76,3391.16395966,0.000758608
1860,0.76,3198.96580981,0.000628302
1870,0.76,3176.09779993,0.000632162
1880,0.76,3251.54487112,0.000650079
1890,0.76,3213.50885749,0.000820915
1900,0.76,3203.88595761,0.000949936
1910,0.76,2964.6968723,0.001059882
1920,0.76,2806.99309964,0.000758905
1930,0.76,2954.14497098,0.001078069
1940,0.76,3143.45115091,0.000696245
1950,0.76,3140.02226954,0.000826257
1960,0.76,3263.13546358,0.000979348
1970,0.76,3077.38930923,0.000968173
1980,0.76,2991.64580043,0.000844449
1990,0.76,3094.53205335,0.000693339
2000,0.76,3100.74637421,0.001812393
2010,0.76,3153.92250911,0.000747372
2020,0.76,3192.8973516,0.000696383
2030,0.76,3152.39944468,0.000850258
2040,0.76,3248.06275366,0.000884431
2050,0.76,2846.48548997,0.001380092
2060,0.76,2975.90669266,0.001047898
2070,0.76,3198.22985548,0.000898564
2080,0.76,2926.22696465,0.000746648
2090,0.76,3040.54957578,0.000728457
2100,0.76,3053.16703139,0.00092707
2110,0.76,3102.27589524,0.00095616
2120,0.76,3212.83417186,0.000832808
2130,0.76,3195.935316,0.00084423
2140,0.76,2841.15705298,0.000899805
2150,0.76,2966.23797458,0.001553138
2160,0.76,3289.32763725,0.000945433
2170,0.76,3182.52536965,0.000939457
2180,0.76,2724.09221796,0.000949756
2190,0.76,3024.25262396,0.001019021
2200,0.76,3091.3486265,0.001210715
2210,0.76,3236.62355342,0.001049672
2220,0.76,3250.32926266,0.002739224
2230,0.76,2916.71864183,0.000901339
2240,0.76,3086.0767061,0.000889875
2250,0.76,3028.60852392,0.000929253
2260,0.76,3019.92101922,0.001619062
2270,0.76,3340.07245798,0.001185478
2280,0.76,3095.36610988,0.00093763
2290,0.76,3139.28134711,0.00085332
2300,0.76,2961.00043178,0.000901256
2310,0.76,3338.67067214,0.001704306
2320,0.76,3172.98959902,0.00121981
2330,0.76,2558.51403283,0.000957121
2340,0.76,3027.7667684,0.000890188
2350,0.76,3122.28640406,0.000953416
2360,0.76,2799.3371745,0.001981154
2370,0.76,2901.85935203,0.000944766
2380,0.76,3122.95230499,0.001011306
2390,0.76,3063.15077573,0.000949567
2400,0.76,3092.49927991,0.001121561
2410,0.76,3276.9956122,0.001053032
2420,0.76,3147.95837818,0.000989623
2430,0.76,3391.30801781,0.000978053
2440,0.76,3358.12956862,0.001050662
2450,0.76,3228.13535513,0.000878708
2460,0.76,3138.91613341,0.001929953
2470,0.76,3211.21115248,0.001538016
2480,0.76,3024.25291313,0.001598014
2490,0.76,2867.72647821,0.001388548
2500,0.76,3416.984717,0.002442453
2510,0.76,2910.48381623,0.00126754
2520,0.76,3150.98370573,0.001291842
2530,0.76,3018.77739332,0.001515098
2540,0.76,3448.23702308,0.002254528
2550,0.76,3150.59828365,0.001580062
2560,0.76,3146.43493428,0.001544765
2570,0.76,3177.66945706,0.001706181
2580,0.76,2966.49226048,0.002439297
2590,0.76,3442.79953277,0.001543526
2600,0.76,3046.95385221,0.001487552
2610,0.76,3149.78535697,0.003198306
2620,0.76,3246.02386713,0.001563142
2630,0.76,3158.50980636,0.001592732
2640,0.76,3256.00743406,0.001767402
2650,0.76,2953.95679151,0.002202216
2660,0.76,3193.08073923,0.001627456
2670,0.76,3239.93649784,0.002598236
2680,0.76,3245.4020553,0.002264668
2690,0.76,3031.82463187,0.001868329
2700,0.76,3138.73656398,0.002341777
2710,0.76,3036.39008546,0.001557146
2720,0.76,3292.85898364,0.001343517
2730,0.76,3191.4909458,0.001238992
2740,0.76,3145.11140291,0.001294952
2750,0.76,3207.32998435,0.002921304
2760,0.76,2724.25663102,0.002379396
2770,0.76,3188.34127292,0.002359383
2780,0.76,2959.77018347,0.001585073
2790,0.76,3031.80924269,0.001758386
2800,0.76,2904.72916668,0.001957358
2810,0.76,3056.71581942,0.003202736
2820,0.76,3310.65116304,0.002426504
2830,0.76,3419.46986385,0.002402964
2840,0.76,3063.72576678,0.001577019
2850,0.76,3390.28347378,0.002425514
2860,0.76,3011.03346182,0.003332736
2870,0.76,2983.37197544,0.001874844
2880,0.76,3078.91001449,0.004026983
2890,0.76,3001.03778359,0.002584251
2900,0.76,3324.93780356,0.001778091
2910,0.76,3286.16037019,0.003121754
2920,0.76,3075.71816575,0.002465188
2930,0.76,3098.27696965,0.001728754
2940,0.76,3224.36452669,0.001831005
2950,0.76,3226.64588619,0.002069549
2960,0.76,3301.18662516,0.002723852
2970,0.76,2825.33463859,0.002639195
2980,0.76,3228.0493773,0.001970218
2990,0.76,3214.85053983,0.002731141
3000,0.76,3219.97108488,0.002899848
3010,0.76,3354.087501,0.002434671
3020,0.76,2798.08124032,0.003573364
3030,0.76,3133.20638058,0.003817429
3040,0.76,3203.07958413,0.002080447
3050,0.76,2791.81365946,0.002735749
3060,0.76,3113.58892075,0.002413018
3070,0.76,3106.27579382,0.002260963
3080,0.76,3236.67198726,0.00208601
3090,0.76,3022.5203922,0.002072891
3100,0.76,3177.90604215,0.00177289
3110,0.76,3400.49924882,0.003140801
3120,0.76,3151.66755132,0.002500195
3130,0.76,3091.3131018,0.001895138
3140,0.76,3091.11080409,0.002159483
3150,0.76,2543.87274623,0.002743668
3160,0.76,3086.17323641,0.002229769
3170,0.76,3345.72666188,0.002485508
3180,0.76,2896.39710287,0.00201369
3190,0.76,3074.13263139,0.001847278
3200,0.76,3110.92675773,0.001852401
3210,0.76,3080.24218435,0.002023414
3220,0.76,2972.68414108,0.002025948
3230,0.76,3159.50170991,0.001975673
3240,0.76,3319.89054779,0.001847197
3250,0.76,3160.46940423,0.001956875
3260,0.76,3289.04075657,0.00238138
3270,0.76,3453.73448508,0.002416348
3280,0.76,2984.66811375,0.002017478
3290,0.76,3055.64498019,0.001949107
3300,0.76,3018.17146215,0.001998418
3310,0.76,3245.40072927,0.001998872
3320,0.76,3042.0638673,0.002010547
3330,0.76,3143.54822663,0.002008718
3340,0.76,3139.48645712,0.00220562
3350,0.76,3098.4646245,0.002195444
3360,0.76,3418.187061,0.002016705
3370,0.76,3296.17284724,0.002084551
3380,0.76,3085.73513591,0.002080265
3390,0.76,3260.21077998,0.002122376
3400,0.76,3128.92979769,0.002059089
3410,0.76,2928.23892558,0.002022279
3420,0.76,3495.67497894,0.003265699
3430,0.76,3210.71272675,0.004439867
3440,0.76,3215.62408921,0.002734041
3450,0.76,3375.65159304,0.002254307
3460,0.76,3005.08417405,0.003148443
3470,0.76,3365.05275438,0.002921203
3480,0.76,2964.54492702,0.013387714
3490,0.76,3202.77141983,0.001595771
3500,0.76,2827.37329066,0.001669013
3510,0.76,3037.73489411,0.002069014
3520,0.76,3173.95257238,0.001861372
3530,0.76,3136.378802,0.002153101
3540,0.76,3178.02044473,0.001849225
3550,0.76,2968.02401384,0.002112568
3560,0.76,3112.61682404,0.002209263
3570,0.76,3587.94952148,0.001846793
3580,0.76,3208.68963199,0.001885654
3590,0.76,3305.43600516,0.00189389
3600,0.76,3387.07597645,0.002207869
3610,0.76,3322.9407858,0.001983727
3620,0.76,3231.47706258,0.001699068
3630,0.76,2941.64249845,0.00189628
3640,0.76,3010.96493726,0.002096492
3650,0.76,3143.99819271,0.002161192
3660,0.76,2724.11420886,0.002715649
3670,0.76,3055.96241866,0.001831996
3680,0.76,3057.67759325,0.001726193
3690,0.76,3155.27264545,0.001962959
3700,0.76,3343.16328534,0.00236695
3710,0.76,3195.78250364,0.002007918
3720,0.76,2990.24971015,0.002233009
3730,0.76,3270.47106641,0.001770887
3740,0.76,3144.02019124,0.001995834
3750,0.76,3352.85352387,0.001970651
3760,0.76,3195.14924786,0.002243094
3770,0.76,3244.36306955,0.002808085
3780,0.76,3162.6189583,0.002291192
3790,0.76,3078.85171369,0.001817903
3800,0.76,3467.04524001,0.001824258
3810,0.76,3203.45464448,0.002225933
3820,0.76,3285.11931358,0.001832816
3830,0.76,3160.63090316,0.001967557
3840,0.76,3011.51765769,0.002296225
3850,0.76,3173.37701776,0.001872883
3860,0.76,2881.92296107,0.001855308
3870,0.76,2969.09052681,0.001889844
3880,0.76,2779.11998974,0.001898897
3890,0.76,3369.60911359,0.002070584
3900,0.76,3095.47008008,0.00211721
3910,0.76,3221.3989496,0.001995134
3920,0.76,3215.37781039,0.001922446
3930,0.76,3087.79744507,0.002006382
3940,0.76,3030.66767904,0.002015909
3950,0.76,3292.08831293,0.00196431
3960,0.76,3040.14893873,0.001967335
3970,0.76,3131.42355483,0.001951192
3980,0.76,3142.9905771,0.002072963
3990,0.76,3106.5104009,0.002059066
4000,0.76,3108.23473554,0.001983661
4010,0.76,3114.10884315,0.00239692
4020,0.76,3134.99475967,0.002038986
4030,0.76,3227.81088962,0.002063276
4040,0.76,3174.33257482,0.002176236
4050,0.76,3063.73931578,0.002079185
4060,0.76,2993.11277989,0.002120979
4070,0.76,2883.66523068,0.00206829
4080,0.76,3031.20695291,0.003162349
4090,0.76,3364.26474047,0.002049911
4100,0.76,3089.12523,0.002071516
4110,0.76,3347.62618148,0.002131199
4120,0.76,3164.66288401,0.002081535
4130,0.76,3058.69387628,0.00227182
4140,0.76,3242.96921247,0.002431803
4150,0.76,3076.60750292,0.002390682
4160,0.76,3157.0556551,0.00247545
4170,0.76,3116.02782251,0.0023256
4180,0.76,3219.37580986,0.00217009
4190,0.76,3092.97434841,0.002600429
4200,0.76,3324.1240322,0.002178887
4210,0.76,3049.0238679,0.002148089
4220,0.76,3107.82244012,0.002476954
4230,0.76,2955.79980945,0.002519933
4240,0.76,3289.73762605,0.002342264
4250,0.76,3087.47616414,0.002591408
4260,0.76,3265.01694937,0.067080758
4270,0.76,3145.48311233,0.016148879
4280,0.76,3510.52105649,0.005825234
4290,0.76,3223.98643352,0.003193552
4300,0.76,2859.67981252,0.00363592
4310,0.76,3217.5828199,0.002900947
4320,0.76,3197.1935918,0.00298032
4330,0.76,3348.22184265,0.003639635
4340,0.76,3345.19759992,0.003058608
4350,0.76,3322.26338125,0.002613038
4360,0.76,3123.91066071,0.002995746
4370,0.76,3180.04223833,0.002393785
4380,0.76,3214.21810254,0.002605996
4390,0.76,3284.16902476,0.002666402
4400,0.76,3194.36573448,0.003078758
4410,0.76,2798.20433408,0.002433368
4420,0.76,3165.97181776,0.002510684
4430,0.76,3031.43577835,0.002677768
4440,0.76,3081.12171557,0.002494201
4450,0.76,3174.97990637,0.002979488
4460,0.76,2854.73491096,0.003615797
4470,0.76,3280.73478859,0.002945655
4480,0.76,2827.73720379,0.003977518
4490,0.76,3269.08707644,0.002515137
4500,0.76,2943.22163692,0.016227206
4510,0.76,2845.25485426,0.005977314
4520,0.76,3094.70051136,0.005467791
4530,0.76,3046.83617204,0.003187669
4540,0.76,3070.74751248,0.006561468
4550,0.76,3139.41328764,0.00321
4560,0.76,2667.88029489,0.003808883
4570,0.76,3073.58957023,0.003291119
4580,0.76,3066.4882119,0.004762506
4590,0.76,3279.7596445,0.003904182
4600,0.76,2999.8272722,0.004342557
4610,0.76,3020.63882687,0.003707866
4620,0.76,2901.15745548,0.004030675
4630,0.76,3114.4795043,0.004083318
4640,0.76,2926.40109132,0.003136285
4650,0.76,3135.14669771,0.003262697
4660,0.76,2991.98426797,0.003564723
4670,0.76,3239.48784381,0.003036771
4680,0.76,3074.57004339,0.00789341
4690,0.76,3155.33659929,0.003806392
4700,0.76,3076.36145262,0.004563275
4710,0.76,3020.68464196,0.005040123
4720,0.76,2926.46131773,0.00287838
4730,0.76,3080.83176357,0.003374485
4740,0.76,3311.77542548,0.002946415
4750,0.76,3079.90158974,0.002953315
4760,0.76,3144.70415241,0.003942522
4770,0.76,3100.45641478,0.002984922
4780,0.76,3341.17695179,0.002615702
4790,0.76,3248.73696081,0.002818174
4800,0.76,3259.93357068,0.002493982
4810,0.76,3107.31556853,0.002973873
4820,0.76,3341.60233966,0.002927211
4830,0.76,3295.53399394,0.002566288
4840,0.76,3299.76457015,0.002772631
4850,0.76,2898.85008387,0.002785396
4860,0.76,3368.01793959,0.002709285
4870,0.76,2803.90714554,0.002825528
4880,0.76,3089.72981516,0.002644783
4890,0.76,3168.72920891,0.003055776
4900,0.76,3224.28630007,0.002594616
4910,0.76,3192.45251116,0.002632252
4920,0.76,3178.75682444,0.002889288
4930,0.76,2799.79107834,0.002758495
4940,0.76,3404.90380724,0.002724157
4950,0.76,3190.89032263,0.003702164
4960,0.76,3078.20239691,0.003285966
4970,0.76,3362.07448956,0.002742786
4980,0.76,3003.20491119,0.00274729
4990,0.76,3054.56450868,0.002765898
0,0.95,2355.25139844,6.67399999976e-06
10,0.95,2033.22208476,7.83300000062e-06
20,0.95,2175.60021342,1.00879999998e-05
30,0.95,2292.14548071,1.00029999999e-05
40,0.95,1753.09943547,1.11829999998e-05
50,0.95,2886.93529333,1.20969999999e-05
60,0.95,2609.98533288,1.46590000005e-05
70,0.95,2631.29274484,1.56310000001e-05
80,0.95,2976.1562227,2.55960000004e-05
90,0.95,2889.84847849,1.8099e-05
100,0.95,2908.27168426,2.03089999999e-05
110,0.95,3330.30961372,2.30270000001e-05
120,0.95,3093.18912154,2.3584e-05
130,0.95,2866.92254892,2.83839999993e-05
140,0.95,3091.86434146,3.17970000001e-05
150,0.95,3221.58656569,4.4688e-05
160,0.95,2941.34554682,3.71479999997e-05
170,0.95,3025.67907329,3.10450000001e-05
180,0.95,3253.13297863,3.79399999995e-05
190,0.95,3248.79051347,7.77019999996e-05
200,0.95,2862.11807424,4.94130000002e-05
210,0.95,3169.85215487,6.05189999998e-05
220,0.95,3359.33094281,4.56479999995e-05
230,0.95,3090.96804285,5.6872e-05
240,0.95,3247.25493582,6.36219999999e-05
250,0.95,3092.45804002,6.28350000005e-05
260,0.95,3451.9869684,6.53919999998e-05
270,0.95,2980.3189851,0.000115383
280,0.95,3268.61217209,7.61589999998e-05
290,0.95,3324.30118501,0.000125499
300,0.95,3379.49210978,7.58979999995e-05
310,0.95,3348.91072564,8.68929999998e-05
320,0.95,3241.18063235,8.4792e-05
330,0.95,3076.04286341,9.75780000001e-05
340,0.95,3263.0111386,9.07520000002e-05
350,0.95,3180.620594,0.000108806
360,0.95,3374.72941997,9.82450000002e-05
370,0.95,3241.42925491,0.000102284
380,0.95,3416.35599636,0.000102705
390,0.95,3272.99282252,0.000128279
400,0.95,3010.44453248,0.000108409
410,0.95,3369.89585375,0.000139755
420,0.95,3263.39064689,0.00013429
430,0.95,3258.42719754,0.000122753
440,0.95,3050.59578219,0.000129526
450,0.95,3261.94563994,0.000204873
460,0.95,3148.87679065,0.00014061
470,0.95,3503.15295016,0.000167479
480,0.95,3100.59368289,0.000140488
490,0.95,3306.86133663,0.000338413
500,0.95,3175.03904206,0.000165071
510,0.95,2940.50027173,0.000151654000001
520,0.95,3207.61435683,0.000191748
530,0.95,3255.68787292,0.000155684
540,0.95,3289.91237899,0.000163801
550,0.95,3009.12934587,0.000147861999999
560,0.95,3184.32297335,0.000174386
570,0.95,3260.95785498,0.000179286
580,0.95,3319.00838223,0.00018591
590,0.95,3424.55270808,0.000158266
600,0.95,3328.3226825,0.000181319
610,0.95,3052.73244195,0.000201028
620,0.95,3283.31113535,0.000211346
630,0.95,3087.25443011,0.000210022
640,0.95,3330.34886784,0.000227107000001
650,0.95,3309.69870014,0.000245847
660,0.95,3092.78352296,0.000299615
670,0.95,3164.67935124,0.000317093
680,0.95,3065.70705319,0.000299904999999
690,0.95,3226.12623396,0.000237995
700,0.95,3146.47386739,0.000210362
710,0.95,3285.33865885,0.000243853
720,0.95,3217.92719583,0.000211902
730,0.95,3214.94421642,0.000277848
740,0.95,3329.50792546,0.000245576999999
750,0.95,3191.37122164,0.000211037
760,0.95,3135.39016446,0.000279772
770,0.95,3273.3453673,0.000257372
780,0.95,3454.22837448,0.000260428
790,0.95,3185.40908443,0.000281872
800,0.95,3004.18199527,0.000276868
810,0.95,3422.42453762,0.000312759
820,0.95,3177.85094146,0.000473939
830,0.95,3217.41256341,0.000363096
840,0.95,3040.30298783,0.000359284
850,0.95,3081.38956036,0.000308391
860,0.95,3142.07537497,0.000283668
870,0.95,3038.48788511,0.000296807
880,0.95,3136.99038281,0.000326443
890,0.95,3114.50307428,0.000396244999999
900,0.95,3009.33704855,0.000422521
910,0.95,3361.41018731,0.000333786000001
920,0.95,3135.51274166,0.000325105
930,0.95,3198.37341844,0.000320007
940,0.95,2998.62676564,0.000326537
950,0.95,2978.1330372,0.000917555
960,0.95,3154.47736631,0.00034648
970,0.95,3104.26047886,0.000482036
980,0.95,2851.49813016,0.000743838
990,0.95,3270.84320167,0.000335529
1000,0.95,3372.37586936,0.00034649
1010,0.95,2886.52570914,0.00035844
1020,0.95,2854.37264852,0.000359386
1030,0.95,3265.11807819,0.000434335
1040,0.95,3096.9203816,0.000366134
1050,0.95,3033.19448762,0.001848078
1060,0.95,3199.27860769,0.000580603
1070,0.95,3124.63996867,0.000497596
1080,0.95,3072.87173071,0.000432709
1090,0.95,3141.82160993,0.000415847
1100,0.95,3438.40277803,0.000382849
1110,0.95,3216.7273902,0.000402155
1120,0.95,3269.16179355,0.00039268
1130,0.95,3379.97420666,0.000391169
1140,0.95,3314.33817806,0.000344941
1150,0.95,3343.8663614,0.000431423
1160,0.95,3430.40890461,0.000409849
1170,0.95,3137.07702577,0.000460756000001
1180,0.95,3202.57897518,0.000535106
1190,0.95,3001.31520366,0.000531373
1200,0.95,3197.58642267,0.000523925
1210,0.95,2869.14163472,0.000537621
1220,0.95,3205.96594897,0.00044935
1230,0.95,3118.12175258,0.000623613
1240,0.95,3137.36169934,0.000451784
1250,0.95,3110.48279551,0.000476302
1260,0.95,3008.69660961,0.000449984
1270,0.95,3170.66088429,0.000472841
1280,0.95,3195.55461819,0.000869905
1290,0.95,3130.51316423,0.000842876
1300,0.95,3141.26856914,0.000504136
1310,0.95,3092.38630452,0.000671418
1320,0.95,3151.74183562,0.000487653
1330,0.95,3107.14505832,0.005126256
1340,0.95,3207.08140402,0.000490485
1350,0.95,3104.48394926,0.000489179000001
1360,0.95,3257.54568038,0.000496374000001
1370,0.95,2845.06564366,0.000516931999999
1380,0.95,2994.17458004,0.00049601
1390,0.95,3047.93111303,0.000431305
1400,0.95,3178.0511399,0.000522333
1410,0.95,3235.26911663,0.000608729000001
1420,0.95,3107.95129518,0.000511543999999
1430,0.95,3164.10325438,0.000517876
1440,0.95,3177.55111185,0.000547181
1450,0.95,3206.35752993,0.000542018
1460,0.95,3190.17626888,0.000557194
1470,0.95,3059.75709206,0.00056438
1480,0.95,3385.66213202,0.000942729
1490,0.95,3235.34995366,0.000567893
1500,0.95,3352.96037035,0.000464338
1510,0.95,3157.55000203,0.000545259
1520,0.95,3275.82531901,0.000581252
1530,0.95,3400.59574042,0.000485801
1540,0.95,3170.2400791,0.000561118
1550,0.95,3213.27167307,0.000573376
1560,0.95,3208.73923993,0.000604735
1570,0.95,3167.66364183,0.000542636
1580,0.95,3202.2976342,0.000592254
1590,0.95,3273.84694312,0.000496672000001
1600,0.95,2998.73102128,0.00060156
1610,0.95,3323.46631427,0.000592229
1620,0.95,3246.55914268,0.000691461
1630,0.95,3197.08177621,0.000600859
1640,0.95,2953.97532139,0.000521266
1650,0.95,3383.63465944,0.000704789
1660,0.95,3308.3123325,0.000585622
1670,0.95,3239.40739567,0.000614608
1680,0.95,3059.28531022,0.000616487
1690,0.95,3220.495467,0.000530543
1700,0.95,3340.36359031,0.000633772
1710,0.95,3156.19054584,0.000630783
1720,0.95,3312.17939856,0.000746752
1730,0.95,3278.24045601,0.000657521
1740,0.95,3443.11610726,0.000550292
1750,0.95,3072.12287844,0.000675915
1760,0.95,3082.44110302,0.000663116
1770,0.95,3143.10345303,0.001188123
1780,0.95,3286.31915004,0.00127833
1790,0.95,3158.19792194,0.000849149
1800,0.95,3049.08441996,0.001082428
1810,0.95,3532.44521101,0.000727846
1820,0.95,3097.8343502,0.000905572
1830,0.95,3161.8400966,0.000744713
1840,0.95,3552.03737014,0.000818391
1850,0.95,2794.94745617,0.001263331
1860,0.95,3245.04777478,0.000820486
1870,0.95,3139.60735036,0.000997464
1880,0.95,3307.12313625,0.001025301
1890,0.95,3195.63866866,0.00100295
1900,0.95,3383.64296659,0.00090857
1910,0.95,3239.47814707,0.000859789
1920,0.95,3256.37285506,0.00063945
1930,0.95,2857.76437374,0.000752573
1940,0.95,3355.20789238,0.000764656
1950,0.95,3342.60820025,0.000983248
1960,0.95,3317.31489221,0.000829043
1970,0.95,3378.87134211,0.000998738
1980,0.95,3101.63739978,0.000714149
1990,0.95,3366.69124144,0.000743491
2000,0.95,2828.99887119,0.000779025
2010,0.95,3000.32985691,0.000991749000001
2020,0.95,3193.50888314,0.000779109000001
2030,0.95,3333.74266176,0.003320369
2040,0.95,3257.86222646,0.000910339
2050,0.95,3246.56425655,0.00103145
2060,0.95,3428.22699502,0.000742871
2070,0.95,2992.90953492,0.001107409
2080,0.95,3158.7482665,0.000773578
2090,0.95,3163.30370623,0.000767456
2100,0.95,3078.86553926,0.000844265
2110,0.95,3181.0497369,0.000847696999999
2120,0.95,3139.30958978,0.001039078
2130,0.95,3254.52373521,0.001343905
2140,0.95,3098.62277065,0.000816375
2150,0.95,3209.95586582,0.000846891
2160,0.95,3375.85655352,0.000962948
2170,0.95,3361.63480255,0.000701902
2180,0.95,3176.98175442,0.00189017
2190,0.95,3008.59408315,0.0008621
2200,0.95,3035.32788806,0.001023446
2210,0.95,3130.76113619,0.000895688
2220,0.95,2962.06469292,0.00075096
2230,0.95,3177.69702581,0.000740164
2240,0.95,3379.44954281,0.000933662
2250,0.95,3075.16225543,0.000858611000001
2260,0.95,3247.23662379,0.000878189000001
2270,0.95,3084.54193803,0.000889802
2280,0.95,3054.05617401,0.000875863
2290,0.95,3219.83447222,0.000873118
2300,0.95,2977.78681179,0.000787271
2310,0.95,3152.41960267,0.000753398000001
2320,0.95,2904.30732393,0.000744493
2330,0.95,3458.13712059,0.000765798000001
2340,0.95,3399.81000326,0.000798014
2350,0.95,3129.26890561,0.000984802
2360,0.95,3376.63377282,0.001037713
2370,0.95,3045.72957702,0.000833864
2380,0.95,3348.82350608,0.001150908
2390,0.95,3185.59912792,0.000977565
2400,0.95,3206.56199857,0.000932537
2410,0.95,2717.5945629,0.000845699
2420,0.95,3270.05356869,0.000835519
2430,0.95,2848.87514465,0.000851471
2440,0.95,3319.52272074,0.000789147
2450,0.95,3013.56551399,0.000841629
2460,0.95,3513.66137567,0.000985113
2470,0.95,3517.76159775,0.000932069
2480,0.95,3173.6492771,0.001457649
2490,0.95,3124.37752262,0.001090496
2500,0.95,3052.73047346,0.001609589
2510,0.95,3304.12222299,0.001016514
2520,0.95,3080.70300588,0.00113756
2530,0.95,3196.81812257,0.001606482
2540,0.95,3198.0604572,0.001277478
2550,0.95,3118.28832934,0.001003458
2560,0.95,3048.66600146,0.000946062
2570,0.95,3238.39478932,0.000969962
2580,0.95,3308.4254235,0.001039689
2590,0.95,3446.77104883,0.001283632
2600,0.95,3166.24670048,0.000969862
2610,0.95,3221.15550197,0.001947109
2620,0.95,3044.57391168,0.001122795
2630,0.95,3344.64796569,0.001197425
2640,0.95,3231.53704645,0.0029964
2650,0.95,3102.04676384,0.00102142
2660,0.95,3390.20796373,0.001021934
2670,0.95,3250.75640553,0.001397117
2680,0.95,3169.22450714,0.00103149
2690,0.95,3293.38753972,0.001081059
2700,0.95,3213.17762204,0.001223331
2710,0.95,3261.56614962,0.001015787
2720,0.95,2944.40484421,0.000948493
2730,0.95,3519.96718288,0.001163869
2740,0.95,3167.83440022,0.001097135
2750,0.95,3122.38400751,0.000973352
2760,0.95,3161.09086688,0.00100447
2770,0.95,3243.07107244,0.000983583999999
2780,0.95,3048.90595184,0.000999929000001
2790,0.95,3342.05171212,0.001044561
2800,0.95,3414.75753054,0.001001954
2810,0.95,3313.42164355,0.001015833
2820,0.95,3323.45163647,0.00098591
2830,0.95,3193.04257893,0.001008202
2840,0.95,3053.90102342,0.001009612
2850,0.95,3241.61331703,0.001007994
2860,0.95,3189.03746599,0.001282336
2870,0.95,3264.79661088,0.001121039
2880,0.95,3503.74639773,0.001091561
2890,0.95,3071.18610409,0.001016771
2900,0.95,3088.71126802,0.001019836
2910,0.95,3160.82389407,0.00128184
2920,0.95,3311.0091652,0.001061557
2930,0.95,3070.17333521,0.001038468
2940,0.95,3147.1236686,0.001040956
2950,0.95,3210.70171777,0.00104126
2960,0.95,3023.68986204,0.001067187
2970,0.95,3159.86218811,0.001104531
2980,0.95,3160.36654677,0.001130024
2990,0.95,3017.88780509,0.00107401
3000,0.95,2863.02417178,0.001162051
3010,0.95,3213.35879218,0.007399628
3020,0.95,3057.90020112,0.001007151
3030,0.95,2775.51798881,0.000985343
3040,0.95,3233.16164335,0.001058334
3050,0.95,3534.91248839,0.001006679
3060,0.95,3255.96442645,0.001005133
3070,0.95,3190.50944799,0.00099239
3080,0.95,3256.64440234,0.001027594
3090,0.95,3141.37610595,0.001011365
3100,0.95,3311.62503603,0.001005765
3110,0.95,3148.01370079,0.001047972
3120,0.95,3486.47172799,0.001015977
3130,0.95,3321.70601778,0.001007869
3140,0.95,3188.21219582,0.0010197
3150,0.95,3024.24056835,0.001036721
3160,0.95,2903.80737642,0.001073716
3170,0.95,2828.16924456,0.001104734
3180,0.95,3346.88607825,0.00103304
3190,0.95,3073.89792326,0.001067156
3200,0.95,3268.2556001,0.00105176
3210,0.95,3578.20051655,0.001070603
3220,0.95,3541.69546467,0.001050959
3230,0.95,3265.25187617,0.001169427
3240,0.95,2888.41367783,0.001055018
3250,0.95,3038.264567,0.001228424
3260,0.95,3434.36765201,0.001243225
3270,0.95,3084.18364689,0.001207419
3280,0.95,3204.10803172,0.001302939
3290,0.95,3288.32128342,0.001331026
3300,0.95,3064.90035482,0.001102209
3310,0.95,3128.61134021,0.001073715
3320,0.95,3393.7120257,0.001094225
3330,0.95,3137.71002882,0.001155623
3340,0.95,3430.89882888,0.001079514
3350,0.95,3147.2802659,0.001163947
3360,0.95,3039.38815648,0.002335645
3370,0.95,3242.40542714,0.001628432
3380,0.95,3273.82975069,0.001123352
3390,0.95,3102.17328695,0.001092906
3400,0.95,3089.00849244,0.001107733
3410,0.95,3281.97676428,0.001275075
3420,0.95,3301.63049922,0.001321831
3430,0.95,3144.91418785,0.001576596
3440,0.95,3339.35567665,0.00153827
3450,0.95,3381.20544946,0.001857026
3460,0.95,3281.79123003,0.001937285
3470,0.95,3066.51573472,0.001749042
3480,0.95,2996.20928563,0.002237549
3490,0.95,3246.54142492,0.001725227
3500,0.95,3340.7419568,0.001427151
3510,0.95,3313.79870773,0.001463584
3520,0.95,3348.78389601,0.001635766
3530,0.95,3224.6919318,0.001851641
3540,0.95,3006.05797923,0.001957766
3550,0.95,3338.92467979,0.001294044
3560,0.95,3245.91063634,0.001437026
3570,0.95,3308.73395364,0.002390213
3580,0.95,3229.26753804,0.002250465
3590,0.95,3269.3614699,0.00202377
3600,0.95,3209.78035387,0.001812634
3610,0.95,2952.05004166,0.001904377
3620,0.95,2924.24749773,0.001924501
3630,0.95,3198.64699939,0.002263711
3640,0.95,3143.94222616,0.001734922
3650,0.95,3134.96049703,0.002003384
3660,0.95,3048.61367051,0.00221026
3670,0.95,3077.34011185,0.001490378
3680,0.95,3265.08314639,0.002031866
3690,0.95,3261.45991423,0.00301775
3700,0.95,3221.44317366,0.001861898
3710,0.95,3222.58281746,0.001860436
3720,0.95,3389.70036561,0.003484694
3730,0.95,3166.48540987,0.001606828
3740,0.95,2954.80328933,0.00229875
3750,0.95,3145.63949457,0.002024927
3760,0.95,3177.96921739,0.001890766
3770,0.95,3188.62692492,0.003883595
3780,0.95,3171.17642844,0.002769475
3790,0.95,3227.71424883,0.003661304
3800,0.95,3315.54863037,0.00177068
3810,0.95,2845.92063118,0.002003451
3820,0.95,3113.13559932,0.001772908
3830,0.95,3125.32374425,0.002862956
3840,0.95,2872.43996894,0.001447569
3850,0.95,3382.00953597,0.002694977
3860,0.95,3021.11219555,0.001893026
3870,0.95,3152.63582766,0.001572645
3880,0.95,3287.64591543,0.002604534
3890,0.95,3358.3101861,0.002177573
3900,0.95,3368.5281804,0.001953297
3910,0.95,3276.06245268,0.002492801
3920,0.95,3284.03514094,0.001712743
3930,0.95,3115.55166995,0.002011105
3940,0.95,3010.79397494,0.002075591
3950,0.95,3266.09508566,0.002090083
3960,0.95,3424.97872303,0.002034329
3970,0.95,3062.49331513,0.001765225
3980,0.95,3242.31839875,0.002644267
3990,0.95,2994.59686312,0.001462941
4000,0.95,3368.8287691,0.00193642
4010,0.95,3233.75616025,0.002612985
4020,0.95,3139.27101388,0.001731105
4030,0.95,3134.07452415,0.00171779
4040,0.95,2973.52672168,0.002779296
4050,0.95,3070.27172184,0.00195616
4060,0.95,3315.86707303,0.001333929
4070,0.95,3119.16364645,0.001569581
4080,0.95,3038.93402046,0.00197472
4090,0.95,3191.71479358,0.001436033
4100,0.95,3486.03368394,0.001856036
4110,0.95,3263.05482428,0.002495504
4120,0.95,3356.11018252,0.001867174
4130,0.95,2708.34807074,0.002157501
4140,0.95,3228.10345937,0.002601528
4150,0.95,3270.35717184,0.001387004
4160,0.95,3445.89130705,0.001631425
4170,0.95,3012.87621366,0.002367652
4180,0.95,3313.51684921,0.001723028
4190,0.95,3180.2056338,0.001885832
4200,0.95,3246.73055231,0.005163079
4210,0.95,3023.47800907,0.001581522
4220,0.95,3265.14094478,0.002624426
4230,0.95,3318.41655136,0.001782704
4240,0.95,3097.70904916,0.002037024
4250,0.95,3277.8855801,0.004052953
4260,0.95,3312.29934412,0.002542534
4270,0.95,3403.63786589,0.001960641
4280,0.95,3173.07792879,0.002705638
4290,0.95,2953.63678567,0.00204538
4300,0.95,3194.54944599,0.002576215
4310,0.95,3073.15492706,0.0018455
4320,0.95,3169.28746831,0.001805433
4330,0.95,3413.45588264,0.001926715
4340,0.95,3254.58930785,0.001609601
4350,0.95,3026.71627342,0.001864928
4360,0.95,2988.53101404,0.00191683
4370,0.95,3378.95275129,0.002156735
4380,0.95,2935.52299478,0.001836432
4390,0.95,3474.18738752,0.002398945
4400,0.95,3300.02664749,0.001981006
4410,0.95,2998.878867,0.001907929
4420,0.95,3132.06200869,0.002388833
4430,0.95,3222.8307151,0.001468827
4440,0.95,3184.90163654,0.001570614
4450,0.95,3012.41968625,0.00167004
4460,0.95,3265.5367066,0.002425004
4470,0.95,3377.30894043,0.001717502
4480,0.95,3013.17475296,0.001752276
4490,0.95,3162.42667897,0.003364855
4500,0.95,2961.07683013,0.001804208
4510,0.95,3206.10166052,0.001820373
4520,0.95,3204.14096824,0.00250223
4530,0.95,3361.57482229,0.001878957
4540,0.95,3110.74535769,0.00223114
4550,0.95,2966.14348366,0.002489326
4560,0.95,3320.96411786,0.001511597
4570,0.95,3150.61125051,0.00152576
4580,0.95,3223.87559978,0.002307937
4590,0.95,3015.07315306,0.002240378
4600,0.95,2955.30816353,0.001621885
4610,0.95,3050.24803183,0.001774602
4620,0.95,2997.36150644,0.002262725
4630,0.95,2870.57954472,0.001602509
4640,0.95,3218.40787891,0.001578508
4650,0.95,3175.16413161,0.001484276
4660,0.95,3148.42857761,0.002087538
4670,0.95,3114.81576599,0.001625901
4680,0.95,3083.45859683,0.001609332
4690,0.95,3331.41288089,0.001693622
4700,0.95,3273.22289986,0.001930469
4710,0.95,3344.45875054,0.001769795
4720,0.95,3319.59609703,0.001560935
4730,0.95,3181.33793636,0.001673551
4740,0.95,2959.44336909,0.002050615
4750,0.95,3312.55867525,0.00159289
4760,0.95,3497.45140785,0.001653112
4770,0.95,3325.91520173,0.001856567
4780,0.95,3137.77561552,0.002459263
4790,0.95,3228.86218638,0.001530687
4800,0.95,2988.77377994,0.001652445
4810,0.95,3203.27906928,0.051751522
4820,0.95,3135.79655922,0.00203376
4830,0.95,3171.7505064,0.002139419
4840,0.95,2840.0969579,0.001716518
4850,0.95,2970.60781318,0.002142452
4860,0.95,3396.30235413,0.001609093
4870,0.95,2858.3414522,0.003116427
4880,0.95,3370.34372717,0.0016037
4890,0.95,3191.7490951,0.001711631
4900,0.95,3014.05834042,0.002050142
4910,0.95,3056.62173194,0.002808582
4920,0.95,3050.51897823,0.001834531
4930,0.95,3037.13924599,0.002341959
4940,0.95,3324.18642307,0.001652588
4950,0.95,3139.92798611,0.001728688
4960,0.95,3242.96887826,0.002078795
4970,0.95,3355.14022668,0.002065641
4980,0.95,2935.71384371,0.00196409
4990,0.95,3023.1892731,0.002232244
